lead_id,company_size,industry,lead_source,website_visits,content_downloads,demo_requested,email_opens_last_30d,days_since_first_touch,budget_confirmed,decision_maker_contact,converted
LEAD-00001,1-10,E-commerce,Cold Outreach,11,1,0,4,161,1,1,0
LEAD-00002,1000+,Healthcare,Content/Webinar,3,3,0,7,8,1,0,1
LEAD-00003,1-10,SaaS,Cold Outreach,7,3,1,3,45,0,1,0
LEAD-00004,1000+,Other,Cold Outreach,5,0,0,6,104,1,0,0
LEAD-00005,1-10,Other,Organic Search,4,1,1,3,78,0,0,0
LEAD-00006,201-1000,Finance,Paid Ads,1,2,0,7,162,0,0,0
LEAD-00007,11-50,Healthcare,Referral,10,0,0,3,45,0,1,1
LEAD-00008,1000+,Manufacturing,Paid Ads,7,0,0,5,123,0,1,0
LEAD-00009,1-10,SaaS,Paid Ads,2,0,0,13,138,1,0,0
LEAD-00010,51-200,Finance,Paid Ads,6,0,1,3,43,0,0,1
LEAD-00011,1000+,SaaS,Referral,6,2,1,8,81,0,0,1
LEAD-00012,11-50,Finance,Referral,7,2,0,5,11,0,0,1
LEAD-00013,51-200,SaaS,Organic Search,4,1,1,3,164,0,0,0
LEAD-00014,51-200,Manufacturing,Paid Ads,6,1,0,7,146,0,1,0
LEAD-00015,11-50,Other,Referral,4,0,0,4,5,1,1,1
LEAD-00016,51-200,SaaS,Referral,5,3,0,5,31,1,0,1
LEAD-00017,51-200,E-commerce,Organic Search,5,2,0,7,16,1,1,1
LEAD-00018,201-1000,Other,Referral,8,1,0,6,9,0,0,0
LEAD-00019,1-10,E-commerce,Organic Search,4,1,0,4,2,1,1,1
LEAD-00020,11-50,Manufacturing,Paid Ads,5,2,0,3,37,0,0,0
LEAD-00021,1000+,Healthcare,Content/Webinar,8,2,0,6,84,0,0,1
LEAD-00022,201-1000,E-commerce,Referral,6,2,0,4,58,0,1,0
LEAD-00023,11-50,SaaS,Organic Search,5,1,0,2,83,1,0,0
LEAD-00024,51-200,SaaS,Referral,5,0,0,2,106,0,0,0
LEAD-00025,11-50,Finance,Referral,9,1,0,5,136,0,1,1
LEAD-00026,1-10,E-commerce,Content/Webinar,8,3,0,1,52,0,0,1
LEAD-00027,11-50,Healthcare,Referral,8,2,0,5,75,0,1,1
LEAD-00028,11-50,E-commerce,Referral,4,1,0,4,77,1,0,0
LEAD-00029,51-200,Healthcare,Paid Ads,9,0,0,1,69,1,1,0
LEAD-00030,1-10,Manufacturing,Organic Search,4,2,0,4,125,0,0,0
LEAD-00031,1000+,Other,Organic Search,7,2,0,1,34,0,1,0
LEAD-00032,1000+,E-commerce,Paid Ads,4,1,0,2,176,1,0,0
LEAD-00033,51-200,Manufacturing,Referral,4,0,1,4,97,0,0,0
LEAD-00034,11-50,Finance,Paid Ads,10,2,0,3,152,1,0,0
LEAD-00035,11-50,Healthcare,Organic Search,8,2,1,5,13,0,0,1
LEAD-00036,201-1000,Other,Organic Search,6,1,0,2,50,0,1,1
LEAD-00037,51-200,SaaS,Paid Ads,6,0,0,3,91,0,0,0
LEAD-00038,1-10,SaaS,Organic Search,5,7,0,3,4,1,1,1
LEAD-00039,201-1000,Manufacturing,Referral,5,0,0,4,64,0,0,0
LEAD-00040,201-1000,E-commerce,Organic Search,4,2,1,2,74,0,1,0
LEAD-00041,201-1000,Manufacturing,Referral,7,1,0,3,167,1,0,0
LEAD-00042,51-200,Manufacturing,Cold Outreach,3,1,0,2,16,0,0,0
LEAD-00043,51-200,SaaS,Organic Search,7,0,1,4,84,0,0,0
LEAD-00044,11-50,Manufacturing,Paid Ads,7,0,0,2,138,1,1,0
LEAD-00045,201-1000,E-commerce,Organic Search,8,0,0,4,109,0,1,0
LEAD-00046,201-1000,Healthcare,Referral,11,1,1,9,62,0,0,1
LEAD-00047,1-10,Healthcare,Referral,6,0,0,9,161,0,0,0
LEAD-00048,1-10,Other,Paid Ads,3,0,0,1,170,0,1,0
LEAD-00049,11-50,SaaS,Paid Ads,8,2,1,1,44,0,0,0
LEAD-00050,201-1000,E-commerce,Content/Webinar,3,1,0,1,174,1,0,0
LEAD-00051,1000+,Finance,Organic Search,10,2,0,5,86,0,0,1
LEAD-00052,1-10,Finance,Organic Search,6,1,1,6,81,1,1,1
LEAD-00053,51-200,Finance,Content/Webinar,7,0,0,5,122,1,0,0
LEAD-00054,11-50,SaaS,Referral,3,2,1,2,104,0,0,0
LEAD-00055,1000+,SaaS,Content/Webinar,4,1,0,5,159,1,1,0
LEAD-00056,201-1000,E-commerce,Referral,6,3,1,4,133,0,1,1
LEAD-00057,201-1000,Manufacturing,Content/Webinar,6,1,1,5,120,0,0,0
LEAD-00058,11-50,SaaS,Paid Ads,6,1,0,2,146,0,1,1
LEAD-00059,11-50,SaaS,Referral,6,0,0,2,134,0,1,0
LEAD-00060,11-50,Other,Cold Outreach,7,1,1,1,106,0,1,0
LEAD-00061,1-10,SaaS,Referral,7,1,0,7,178,1,0,1
LEAD-00062,201-1000,Other,Organic Search,3,1,0,3,127,1,1,0
LEAD-00063,201-1000,Finance,Organic Search,3,0,0,1,28,0,1,0
LEAD-00064,1000+,Manufacturing,Organic Search,3,1,0,6,107,0,0,0
LEAD-00065,1000+,SaaS,Organic Search,7,1,0,4,24,1,1,0
LEAD-00066,51-200,SaaS,Paid Ads,6,1,0,6,28,0,0,1
LEAD-00067,51-200,Finance,Referral,4,1,0,1,146,1,1,0
LEAD-00068,201-1000,Manufacturing,Referral,6,1,1,5,4,0,0,1
LEAD-00069,201-1000,Finance,Paid Ads,9,4,1,4,104,1,0,1
LEAD-00070,1-10,SaaS,Referral,5,0,0,2,177,1,0,0
LEAD-00071,11-50,Finance,Organic Search,3,4,0,3,128,0,0,0
LEAD-00072,1-10,Finance,Organic Search,11,2,0,5,128,0,1,0
LEAD-00073,1000+,Finance,Organic Search,6,3,0,3,106,0,0,1
LEAD-00074,51-200,Finance,Paid Ads,6,2,1,4,160,0,0,0
LEAD-00075,1-10,Manufacturing,Organic Search,8,1,1,3,96,1,0,1
LEAD-00076,51-200,Healthcare,Organic Search,3,0,0,10,127,0,1,0
LEAD-00077,51-200,SaaS,Paid Ads,7,1,0,2,93,0,0,0
LEAD-00078,11-50,E-commerce,Content/Webinar,6,2,0,2,66,0,0,0
LEAD-00079,1-10,SaaS,Organic Search,5,1,0,6,58,1,0,1
LEAD-00080,51-200,E-commerce,Referral,5,1,1,3,11,0,0,0
LEAD-00081,11-50,E-commerce,Referral,8,0,0,3,111,0,0,0
LEAD-00082,51-200,SaaS,Content/Webinar,7,2,0,6,104,0,1,0
LEAD-00083,11-50,E-commerce,Cold Outreach,8,3,0,0,65,0,1,0
LEAD-00084,201-1000,SaaS,Organic Search,3,1,1,5,128,1,0,1
LEAD-00085,51-200,Manufacturing,Organic Search,7,1,1,1,17,1,0,1
LEAD-00086,51-200,Other,Content/Webinar,8,1,1,9,114,0,1,1
LEAD-00087,201-1000,SaaS,Paid Ads,4,0,0,3,80,0,1,0
LEAD-00088,11-50,Other,Referral,4,0,1,6,66,0,0,0
LEAD-00089,1-10,Healthcare,Referral,8,4,1,0,118,0,1,1
LEAD-00090,1-10,SaaS,Referral,4,2,0,3,113,0,0,0
LEAD-00091,51-200,SaaS,Cold Outreach,6,1,0,5,132,0,1,0
LEAD-00092,51-200,Healthcare,Cold Outreach,2,2,0,3,160,0,1,0
LEAD-00093,51-200,Finance,Referral,4,2,0,5,71,0,1,1
LEAD-00094,1-10,Finance,Organic Search,4,3,0,5,157,0,0,0
LEAD-00095,1-10,SaaS,Content/Webinar,6,1,0,6,61,0,0,0
LEAD-00096,1-10,SaaS,Organic Search,8,2,0,6,58,1,1,1
LEAD-00097,11-50,E-commerce,Organic Search,6,0,1,5,53,1,0,1
LEAD-00098,51-200,SaaS,Content/Webinar,7,3,0,2,5,0,0,0
LEAD-00099,11-50,SaaS,Organic Search,9,0,0,4,114,0,1,1
LEAD-00100,11-50,SaaS,Organic Search,10,0,0,2,61,0,1,0
LEAD-00101,201-1000,Manufacturing,Organic Search,6,1,0,5,21,0,0,0
LEAD-00102,11-50,Other,Content/Webinar,8,3,0,3,14,1,0,0
LEAD-00103,11-50,E-commerce,Paid Ads,8,3,1,3,96,0,1,0
LEAD-00104,51-200,Other,Referral,8,0,0,3,79,0,0,0
LEAD-00105,11-50,E-commerce,Organic Search,6,2,0,7,78,1,0,0
LEAD-00106,51-200,E-commerce,Content/Webinar,6,2,0,7,41,0,0,0
LEAD-00107,201-1000,SaaS,Content/Webinar,4,1,1,4,16,0,1,1
LEAD-00108,201-1000,Healthcare,Paid Ads,10,2,0,1,51,0,1,1
LEAD-00109,1-10,Other,Paid Ads,3,3,1,5,1,0,1,0
LEAD-00110,201-1000,Healthcare,Organic Search,4,2,1,6,40,1,0,0
LEAD-00111,11-50,E-commerce,Cold Outreach,8,1,1,2,18,0,1,0
LEAD-00112,11-50,Healthcare,Referral,7,0,1,3,34,1,0,1
LEAD-00113,11-50,SaaS,Cold Outreach,4,1,0,4,100,0,0,0
LEAD-00114,1000+,Manufacturing,Paid Ads,5,2,0,0,149,0,1,0
LEAD-00115,11-50,Healthcare,Content/Webinar,4,2,0,2,129,1,1,0
LEAD-00116,11-50,E-commerce,Content/Webinar,4,0,0,4,155,1,0,0
LEAD-00117,51-200,Healthcare,Referral,7,1,0,5,179,1,0,1
LEAD-00118,1-10,Healthcare,Cold Outreach,5,2,0,2,139,0,0,0
LEAD-00119,1-10,SaaS,Paid Ads,5,1,0,2,120,1,0,0
LEAD-00120,1-10,Finance,Organic Search,6,1,0,3,102,1,1,0
LEAD-00121,1-10,SaaS,Referral,6,2,0,2,115,1,0,0
LEAD-00122,1-10,Finance,Referral,5,1,0,4,14,0,0,0
LEAD-00123,1-10,Manufacturing,Referral,3,0,0,3,92,0,1,0
LEAD-00124,51-200,Manufacturing,Organic Search,6,3,0,2,155,0,1,0
LEAD-00125,1-10,Healthcare,Paid Ads,5,2,0,4,150,0,1,0
LEAD-00126,11-50,Healthcare,Paid Ads,5,1,0,3,21,0,1,0
LEAD-00127,201-1000,SaaS,Paid Ads,8,1,0,3,120,0,0,0
LEAD-00128,11-50,Finance,Referral,5,1,0,4,152,1,0,0
LEAD-00129,51-200,SaaS,Referral,9,1,0,3,19,0,1,0
LEAD-00130,1-10,E-commerce,Organic Search,9,4,0,5,24,0,0,0
LEAD-00131,1-10,SaaS,Paid Ads,3,1,0,2,26,0,1,1
LEAD-00132,1-10,SaaS,Organic Search,5,0,1,6,153,0,0,0
LEAD-00133,1-10,Healthcare,Organic Search,7,1,1,3,45,0,0,0
LEAD-00134,11-50,SaaS,Content/Webinar,4,3,0,4,108,0,0,0
LEAD-00135,1-10,Finance,Cold Outreach,4,2,0,2,157,0,1,0
LEAD-00136,1-10,E-commerce,Paid Ads,5,0,1,1,139,0,1,0
LEAD-00137,1-10,SaaS,Content/Webinar,8,1,1,5,24,0,1,1
LEAD-00138,11-50,Healthcare,Content/Webinar,4,1,0,1,24,0,1,0
LEAD-00139,1-10,SaaS,Content/Webinar,6,0,0,0,12,0,0,0
LEAD-00140,11-50,SaaS,Organic Search,6,4,0,3,135,0,1,0
LEAD-00141,11-50,Finance,Cold Outreach,3,1,0,4,168,1,0,0
LEAD-00142,51-200,SaaS,Paid Ads,3,1,0,6,81,0,0,0
LEAD-00143,1-10,Manufacturing,Paid Ads,6,2,1,4,99,0,1,0
LEAD-00144,51-200,SaaS,Organic Search,7,1,0,1,70,0,1,0
LEAD-00145,51-200,SaaS,Paid Ads,6,1,1,3,79,0,0,0
LEAD-00146,1-10,Finance,Organic Search,7,3,0,1,23,0,1,1
LEAD-00147,201-1000,E-commerce,Organic Search,5,1,1,5,123,0,1,0
LEAD-00148,201-1000,SaaS,Paid Ads,6,2,0,4,38,1,0,0
LEAD-00149,1-10,E-commerce,Content/Webinar,7,1,0,3,159,0,0,0
LEAD-00150,11-50,SaaS,Content/Webinar,4,1,0,5,29,1,0,1
LEAD-00151,201-1000,Manufacturing,Paid Ads,5,0,1,5,172,0,0,0
LEAD-00152,51-200,E-commerce,Content/Webinar,8,1,1,3,156,0,0,0
LEAD-00153,1-10,Finance,Content/Webinar,6,0,0,4,76,0,1,1
LEAD-00154,1-10,Manufacturing,Content/Webinar,9,2,1,6,68,0,0,1
LEAD-00155,11-50,E-commerce,Organic Search,2,4,1,3,21,1,0,0
LEAD-00156,11-50,Other,Referral,8,1,0,2,9,0,0,1
LEAD-00157,51-200,E-commerce,Cold Outreach,5,0,0,1,49,1,0,0
LEAD-00158,11-50,Other,Referral,9,3,1,7,98,0,0,0
LEAD-00159,11-50,SaaS,Paid Ads,9,2,0,6,37,0,0,1
LEAD-00160,51-200,Finance,Paid Ads,4,2,0,3,21,0,1,0
LEAD-00161,1-10,E-commerce,Referral,2,2,0,1,23,1,0,0
LEAD-00162,11-50,E-commerce,Paid Ads,6,1,1,5,138,0,1,0
LEAD-00163,51-200,Healthcare,Organic Search,6,2,0,5,70,0,0,0
LEAD-00164,201-1000,Finance,Paid Ads,7,0,0,3,149,0,0,0
LEAD-00165,11-50,SaaS,Content/Webinar,8,0,0,5,101,1,0,1
LEAD-00166,11-50,SaaS,Content/Webinar,5,2,0,7,29,1,0,1
LEAD-00167,1-10,Finance,Organic Search,8,1,0,4,59,0,1,0
LEAD-00168,11-50,Finance,Cold Outreach,10,0,0,4,168,0,0,0
LEAD-00169,11-50,Other,Paid Ads,5,1,0,7,21,0,1,0
LEAD-00170,1-10,Finance,Referral,3,0,0,5,86,0,1,0
LEAD-00171,11-50,Other,Content/Webinar,5,4,1,2,99,0,1,0
LEAD-00172,11-50,Finance,Content/Webinar,3,1,1,4,63,1,1,1
LEAD-00173,1-10,SaaS,Cold Outreach,8,1,0,2,46,1,1,0
LEAD-00174,11-50,SaaS,Paid Ads,9,0,0,6,133,0,1,0
LEAD-00175,1-10,Finance,Content/Webinar,7,0,0,3,15,0,0,0
LEAD-00176,11-50,Healthcare,Organic Search,7,4,0,6,105,1,0,0
LEAD-00177,1-10,SaaS,Referral,6,3,0,6,111,0,0,0
LEAD-00178,201-1000,E-commerce,Referral,9,1,1,6,83,0,1,1
LEAD-00179,51-200,Other,Referral,5,0,0,4,80,0,1,0
LEAD-00180,51-200,Healthcare,Organic Search,5,3,0,4,168,1,1,0
LEAD-00181,51-200,E-commerce,Content/Webinar,5,2,0,4,111,0,0,0
LEAD-00182,11-50,E-commerce,Organic Search,6,3,1,1,107,0,1,0
LEAD-00183,1-10,SaaS,Organic Search,2,1,0,4,87,0,0,0
LEAD-00184,11-50,E-commerce,Referral,6,1,1,4,4,0,1,1
LEAD-00185,51-200,E-commerce,Paid Ads,6,1,1,4,152,1,1,0
LEAD-00186,51-200,SaaS,Content/Webinar,5,0,0,2,42,1,1,1
LEAD-00187,11-50,Finance,Paid Ads,7,2,0,1,119,0,0,0
LEAD-00188,1-10,E-commerce,Organic Search,6,2,1,5,26,1,1,1
LEAD-00189,11-50,Manufacturing,Content/Webinar,5,3,1,7,106,0,0,0
LEAD-00190,11-50,Manufacturing,Paid Ads,3,1,0,5,104,0,0,0
LEAD-00191,51-200,SaaS,Organic Search,5,1,0,6,8,1,0,0
LEAD-00192,51-200,Finance,Referral,5,1,1,3,73,0,0,0
LEAD-00193,11-50,E-commerce,Paid Ads,5,1,0,2,78,0,1,0
LEAD-00194,1000+,Manufacturing,Referral,4,1,1,3,148,0,1,1
LEAD-00195,51-200,SaaS,Paid Ads,4,2,0,5,66,0,1,0
LEAD-00196,1-10,Finance,Content/Webinar,4,0,0,6,68,0,1,0
LEAD-00197,1-10,Healthcare,Content/Webinar,3,0,0,6,99,1,1,0
LEAD-00198,1-10,SaaS,Referral,9,2,1,5,78,0,0,1
LEAD-00199,1-10,SaaS,Organic Search,6,0,0,4,85,0,1,0
LEAD-00200,1-10,Finance,Content/Webinar,6,0,0,6,79,1,0,0
LEAD-00201,1-10,Finance,Referral,8,1,1,4,39,1,1,1
LEAD-00202,11-50,E-commerce,Referral,1,1,1,2,50,0,1,0
LEAD-00203,1-10,Healthcare,Paid Ads,7,0,0,4,20,0,0,1
LEAD-00204,201-1000,E-commerce,Content/Webinar,2,0,0,4,70,1,0,0
LEAD-00205,1-10,Finance,Referral,1,2,1,3,156,1,0,0
LEAD-00206,11-50,SaaS,Organic Search,6,2,0,2,117,1,0,0
LEAD-00207,11-50,Manufacturing,Paid Ads,7,1,1,4,112,0,0,0
LEAD-00208,1000+,SaaS,Content/Webinar,2,2,1,5,171,0,0,0
LEAD-00209,1-10,E-commerce,Organic Search,6,1,0,3,28,0,1,0
LEAD-00210,11-50,SaaS,Cold Outreach,6,1,1,5,119,0,1,0
LEAD-00211,1000+,SaaS,Referral,7,1,0,4,98,0,0,1
LEAD-00212,201-1000,Healthcare,Referral,5,0,0,2,73,0,0,0
LEAD-00213,201-1000,SaaS,Organic Search,5,0,0,4,151,0,0,0
LEAD-00214,11-50,Manufacturing,Organic Search,3,0,0,4,108,1,0,0
LEAD-00215,1-10,SaaS,Cold Outreach,6,1,0,4,163,0,0,0
LEAD-00216,51-200,E-commerce,Organic Search,9,1,0,6,22,1,1,0
LEAD-00217,201-1000,E-commerce,Content/Webinar,7,5,0,8,5,0,1,1
LEAD-00218,51-200,SaaS,Paid Ads,7,1,1,0,60,0,0,1
LEAD-00219,51-200,SaaS,Organic Search,6,1,0,3,169,0,0,0
LEAD-00220,11-50,E-commerce,Organic Search,3,1,0,4,157,0,1,0
LEAD-00221,51-200,E-commerce,Paid Ads,3,1,1,2,163,1,0,0
LEAD-00222,1-10,E-commerce,Cold Outreach,5,3,0,1,114,1,0,0
LEAD-00223,11-50,Healthcare,Paid Ads,8,1,1,4,98,0,0,0
LEAD-00224,11-50,Healthcare,Paid Ads,9,1,1,2,45,0,1,1
LEAD-00225,11-50,SaaS,Paid Ads,4,0,1,5,113,0,1,1
LEAD-00226,1-10,E-commerce,Paid Ads,5,1,0,1,137,0,1,0
LEAD-00227,1-10,Other,Paid Ads,6,2,0,3,179,0,0,0
LEAD-00228,51-200,Healthcare,Content/Webinar,10,1,1,4,14,0,1,1
LEAD-00229,11-50,Finance,Paid Ads,8,0,0,4,69,0,1,0
LEAD-00230,51-200,E-commerce,Paid Ads,5,0,1,5,114,1,0,0
LEAD-00231,1-10,Finance,Organic Search,6,0,1,2,56,0,0,0
LEAD-00232,11-50,Finance,Cold Outreach,4,0,0,4,111,1,0,0
LEAD-00233,11-50,Healthcare,Organic Search,5,0,0,5,91,0,0,0
LEAD-00234,1-10,Other,Organic Search,7,0,1,4,11,0,0,0
LEAD-00235,11-50,SaaS,Referral,3,0,1,6,158,0,1,0
LEAD-00236,1-10,SaaS,Referral,9,1,0,4,115,0,0,0
LEAD-00237,1-10,Finance,Paid Ads,6,3,1,3,101,0,1,0
LEAD-00238,1000+,Manufacturing,Paid Ads,5,2,1,2,167,1,0,1
LEAD-00239,11-50,SaaS,Content/Webinar,8,3,0,3,98,0,1,0
LEAD-00240,201-1000,SaaS,Organic Search,7,1,0,2,115,0,1,0
LEAD-00241,11-50,SaaS,Content/Webinar,8,0,0,3,152,0,0,0
LEAD-00242,51-200,SaaS,Referral,5,2,0,3,80,0,0,0
LEAD-00243,51-200,Finance,Paid Ads,4,1,1,3,58,0,1,1
LEAD-00244,51-200,Healthcare,Paid Ads,9,2,0,3,30,1,0,1
LEAD-00245,11-50,E-commerce,Organic Search,7,0,1,3,152,0,0,0
LEAD-00246,11-50,E-commerce,Content/Webinar,4,1,0,5,67,1,0,0
LEAD-00247,11-50,SaaS,Paid Ads,6,0,0,2,29,1,1,0
LEAD-00248,201-1000,SaaS,Paid Ads,7,0,0,3,42,1,0,0
LEAD-00249,201-1000,Healthcare,Referral,4,2,0,4,119,0,1,0
LEAD-00250,1000+,Other,Cold Outreach,7,2,0,3,62,1,1,1
LEAD-00251,1-10,Manufacturing,Paid Ads,3,1,1,6,155,1,0,0
LEAD-00252,51-200,SaaS,Cold Outreach,4,0,0,4,29,1,0,0
LEAD-00253,201-1000,Manufacturing,Paid Ads,7,0,0,4,29,0,0,0
LEAD-00254,1-10,Finance,Organic Search,5,2,0,3,104,0,0,0
LEAD-00255,1-10,Finance,Organic Search,6,1,1,4,57,0,1,1
LEAD-00256,51-200,E-commerce,Paid Ads,3,0,1,5,55,0,0,0
LEAD-00257,51-200,E-commerce,Organic Search,4,3,1,2,116,1,0,1
LEAD-00258,201-1000,E-commerce,Organic Search,6,1,1,4,172,0,1,0
LEAD-00259,1-10,SaaS,Cold Outreach,6,0,0,3,128,1,0,0
LEAD-00260,51-200,SaaS,Content/Webinar,5,2,1,2,156,0,1,0
LEAD-00261,1-10,SaaS,Referral,6,1,1,6,165,0,0,0
LEAD-00262,1-10,E-commerce,Organic Search,9,1,0,5,151,0,1,1
LEAD-00263,1-10,Finance,Organic Search,7,2,0,5,77,0,0,0
LEAD-00264,201-1000,E-commerce,Organic Search,4,0,0,4,69,0,1,0
LEAD-00265,51-200,SaaS,Referral,6,1,0,5,58,1,1,1
LEAD-00266,11-50,Other,Cold Outreach,6,0,1,5,160,0,0,0
LEAD-00267,11-50,Other,Paid Ads,7,2,1,1,85,0,0,0
LEAD-00268,201-1000,Finance,Organic Search,4,2,1,5,69,0,0,1
LEAD-00269,11-50,Other,Paid Ads,5,0,0,2,101,0,1,0
LEAD-00270,201-1000,Healthcare,Paid Ads,5,4,1,5,36,0,0,1
LEAD-00271,11-50,Other,Paid Ads,5,1,0,0,160,0,1,0
LEAD-00272,11-50,SaaS,Referral,3,2,1,3,128,0,0,0
LEAD-00273,11-50,E-commerce,Referral,7,0,0,3,87,0,0,0
LEAD-00274,11-50,SaaS,Organic Search,5,0,0,8,74,0,0,0
LEAD-00275,51-200,SaaS,Organic Search,12,1,0,5,93,0,0,0
LEAD-00276,11-50,SaaS,Cold Outreach,5,1,0,3,155,0,0,0
LEAD-00277,1-10,Healthcare,Organic Search,6,1,0,3,99,0,1,0
LEAD-00278,201-1000,Finance,Organic Search,3,3,0,3,24,1,0,1
LEAD-00279,11-50,Healthcare,Organic Search,4,0,0,4,87,1,0,0
LEAD-00280,11-50,SaaS,Organic Search,6,0,0,2,67,0,0,0
LEAD-00281,201-1000,Manufacturing,Paid Ads,6,2,0,3,164,0,0,0
LEAD-00282,51-200,Healthcare,Content/Webinar,7,1,0,5,142,0,1,0
LEAD-00283,1-10,E-commerce,Paid Ads,5,1,0,4,68,0,1,0
LEAD-00284,201-1000,Finance,Paid Ads,13,1,1,5,172,0,0,1
LEAD-00285,51-200,SaaS,Referral,1,0,1,3,176,1,1,1
LEAD-00286,11-50,E-commerce,Paid Ads,6,1,0,5,106,0,1,0
LEAD-00287,1-10,Other,Content/Webinar,4,1,1,10,119,0,0,0
LEAD-00288,51-200,SaaS,Content/Webinar,3,0,1,3,32,0,0,0
LEAD-00289,51-200,E-commerce,Organic Search,4,1,1,3,120,0,0,0
LEAD-00290,11-50,Manufacturing,Content/Webinar,3,1,0,4,145,1,1,0
LEAD-00291,201-1000,Finance,Paid Ads,4,2,0,0,167,0,0,0
LEAD-00292,51-200,SaaS,Cold Outreach,6,3,0,5,160,0,0,0
LEAD-00293,1-10,SaaS,Paid Ads,6,0,0,5,130,0,1,0
LEAD-00294,11-50,SaaS,Cold Outreach,10,2,0,3,78,1,0,0
LEAD-00295,1-10,Healthcare,Content/Webinar,6,0,1,2,170,0,1,0
LEAD-00296,51-200,E-commerce,Organic Search,6,0,1,3,38,0,1,0
LEAD-00297,1-10,SaaS,Paid Ads,3,2,0,6,55,0,0,0
LEAD-00298,51-200,Other,Cold Outreach,7,0,1,4,34,1,1,0
LEAD-00299,51-200,Healthcare,Content/Webinar,5,1,1,3,46,1,0,1
LEAD-00300,201-1000,SaaS,Organic Search,7,3,0,3,171,1,0,0
LEAD-00301,11-50,Healthcare,Referral,3,4,0,1,130,0,0,0
LEAD-00302,201-1000,Finance,Paid Ads,8,3,0,5,164,1,1,1
LEAD-00303,1-10,SaaS,Organic Search,8,2,0,3,70,0,0,0
LEAD-00304,201-1000,SaaS,Paid Ads,6,0,0,5,36,1,0,0
LEAD-00305,1-10,Manufacturing,Organic Search,8,1,0,2,150,0,0,0
LEAD-00306,11-50,E-commerce,Content/Webinar,8,0,0,6,69,0,1,1
LEAD-00307,51-200,Healthcare,Paid Ads,6,3,1,5,166,0,0,0
LEAD-00308,1-10,E-commerce,Content/Webinar,12,1,0,3,105,0,0,0
LEAD-00309,1-10,SaaS,Organic Search,5,1,0,7,54,0,1,0
LEAD-00310,51-200,SaaS,Paid Ads,4,2,0,3,150,0,0,0
LEAD-00311,51-200,E-commerce,Organic Search,10,1,0,2,112,1,1,0
LEAD-00312,51-200,SaaS,Organic Search,10,2,0,2,107,0,1,0
LEAD-00313,51-200,SaaS,Organic Search,7,0,0,6,159,0,1,0
LEAD-00314,11-50,Manufacturing,Organic Search,6,0,1,4,53,1,1,0
LEAD-00315,11-50,Other,Referral,1,1,0,5,117,0,1,0
LEAD-00316,11-50,Finance,Organic Search,4,0,0,6,106,0,1,0
LEAD-00317,1-10,Manufacturing,Paid Ads,7,1,0,6,93,0,1,0
LEAD-00318,201-1000,SaaS,Paid Ads,9,0,0,1,59,0,1,0
LEAD-00319,51-200,Other,Content/Webinar,5,1,1,5,97,1,1,1
LEAD-00320,11-50,SaaS,Cold Outreach,4,2,1,6,86,0,1,0
LEAD-00321,11-50,Other,Paid Ads,6,3,0,5,177,0,0,0
LEAD-00322,201-1000,Other,Paid Ads,4,1,0,5,27,0,0,0
LEAD-00323,1-10,Finance,Organic Search,6,3,1,4,72,0,0,1
LEAD-00324,51-200,Other,Cold Outreach,3,0,0,5,122,0,1,0
LEAD-00325,11-50,Healthcare,Organic Search,3,2,0,1,134,0,1,0
LEAD-00326,51-200,SaaS,Organic Search,6,0,0,4,174,0,1,0
LEAD-00327,1-10,E-commerce,Organic Search,5,2,0,9,25,0,1,0
LEAD-00328,201-1000,Healthcare,Paid Ads,10,0,0,7,98,1,0,0
LEAD-00329,201-1000,SaaS,Organic Search,6,0,0,3,137,0,0,0
LEAD-00330,51-200,Healthcare,Content/Webinar,10,3,1,6,64,0,1,1
LEAD-00331,51-200,Other,Organic Search,6,2,1,2,159,1,1,1
LEAD-00332,201-1000,SaaS,Referral,6,0,0,5,147,0,0,0
LEAD-00333,51-200,Finance,Organic Search,4,0,0,4,113,0,0,0
LEAD-00334,1-10,Other,Organic Search,4,1,0,5,65,1,1,0
LEAD-00335,51-200,Other,Cold Outreach,2,1,0,2,98,0,1,0
LEAD-00336,51-200,Other,Organic Search,6,1,0,3,145,0,0,0
LEAD-00337,11-50,Healthcare,Content/Webinar,3,1,0,5,34,0,1,1
LEAD-00338,51-200,Other,Paid Ads,7,1,0,2,164,1,0,0
LEAD-00339,201-1000,Finance,Organic Search,5,3,0,6,141,0,1,0
LEAD-00340,201-1000,SaaS,Cold Outreach,5,0,0,4,59,0,1,0
LEAD-00341,11-50,E-commerce,Organic Search,7,1,0,2,89,1,1,0
LEAD-00342,1-10,Finance,Content/Webinar,5,0,1,2,76,0,1,0
LEAD-00343,1000+,SaaS,Organic Search,4,5,0,5,149,0,0,1
LEAD-00344,201-1000,Healthcare,Content/Webinar,8,2,0,2,101,0,1,1
LEAD-00345,1-10,Finance,Organic Search,5,0,0,2,110,0,1,0
LEAD-00346,201-1000,SaaS,Paid Ads,5,1,1,4,6,1,0,1
LEAD-00347,201-1000,Healthcare,Content/Webinar,4,0,0,5,109,0,1,0
LEAD-00348,11-50,Finance,Cold Outreach,6,1,0,3,11,0,1,0
LEAD-00349,51-200,E-commerce,Cold Outreach,6,5,0,4,80,0,1,1
LEAD-00350,11-50,SaaS,Content/Webinar,4,2,1,4,150,0,1,1
LEAD-00351,1-10,SaaS,Content/Webinar,7,0,0,5,139,0,0,0
LEAD-00352,11-50,E-commerce,Organic Search,4,2,0,3,165,0,1,0
LEAD-00353,201-1000,Other,Organic Search,6,1,0,3,26,0,0,1
LEAD-00354,1-10,SaaS,Organic Search,8,0,0,6,154,0,0,0
LEAD-00355,11-50,Healthcare,Paid Ads,4,1,1,5,106,1,0,0
LEAD-00356,11-50,SaaS,Paid Ads,3,2,0,8,149,0,0,0
LEAD-00357,11-50,E-commerce,Paid Ads,7,1,0,2,154,0,1,0
LEAD-00358,201-1000,Manufacturing,Organic Search,4,4,0,6,15,1,0,1
LEAD-00359,11-50,Finance,Referral,8,2,0,6,103,0,0,1
LEAD-00360,11-50,SaaS,Organic Search,9,0,0,6,163,0,0,0
LEAD-00361,51-200,E-commerce,Paid Ads,6,0,0,4,139,0,0,0
LEAD-00362,11-50,SaaS,Paid Ads,6,1,0,4,106,1,1,0
LEAD-00363,1-10,E-commerce,Content/Webinar,7,0,1,4,68,1,1,0
LEAD-00364,11-50,Finance,Referral,11,2,0,1,89,0,1,1
LEAD-00365,1-10,SaaS,Referral,3,1,1,2,178,0,0,0
LEAD-00366,1-10,SaaS,Organic Search,8,1,1,5,29,0,0,1
LEAD-00367,11-50,E-commerce,Paid Ads,3,2,1,5,64,1,0,1
LEAD-00368,11-50,Other,Organic Search,4,0,1,5,169,0,0,0
LEAD-00369,201-1000,Other,Paid Ads,5,2,0,3,96,0,1,0
LEAD-00370,11-50,SaaS,Paid Ads,7,0,0,4,154,0,1,0
LEAD-00371,51-200,Finance,Organic Search,7,2,1,8,28,0,0,0
LEAD-00372,51-200,E-commerce,Organic Search,5,3,0,7,84,1,0,1
LEAD-00373,1-10,E-commerce,Cold Outreach,10,1,0,1,176,0,0,0
LEAD-00374,51-200,Finance,Cold Outreach,3,2,0,5,23,0,1,0
LEAD-00375,1-10,Other,Paid Ads,2,1,1,5,39,0,0,0
LEAD-00376,1000+,Other,Organic Search,5,1,1,2,69,0,1,1
LEAD-00377,1-10,Healthcare,Organic Search,6,1,1,6,21,0,1,1
LEAD-00378,11-50,E-commerce,Paid Ads,7,3,1,3,120,1,1,1
LEAD-00379,1-10,Finance,Cold Outreach,5,1,0,4,86,0,1,0
LEAD-00380,1000+,SaaS,Organic Search,5,3,0,1,177,0,1,1
LEAD-00381,11-50,Healthcare,Content/Webinar,7,0,1,8,94,0,1,0
LEAD-00382,51-200,E-commerce,Organic Search,8,1,0,2,92,0,0,0
LEAD-00383,1-10,Finance,Cold Outreach,2,4,0,2,164,0,0,0
LEAD-00384,51-200,SaaS,Paid Ads,10,1,0,5,81,1,1,1
LEAD-00385,1-10,SaaS,Content/Webinar,5,2,1,3,85,0,1,0
LEAD-00386,201-1000,Other,Paid Ads,5,1,0,4,165,0,0,0
LEAD-00387,1-10,SaaS,Referral,7,1,0,6,127,0,0,0
LEAD-00388,1-10,Healthcare,Organic Search,5,2,1,3,88,0,0,1
LEAD-00389,1-10,SaaS,Organic Search,9,1,0,8,94,0,0,0
LEAD-00390,11-50,SaaS,Cold Outreach,14,0,0,5,128,0,1,0
LEAD-00391,51-200,SaaS,Cold Outreach,8,1,0,1,42,0,0,0
LEAD-00392,1-10,SaaS,Content/Webinar,7,0,0,4,99,0,0,0
LEAD-00393,51-200,Manufacturing,Referral,5,1,0,1,134,0,0,0
LEAD-00394,11-50,SaaS,Content/Webinar,10,3,1,4,136,0,0,1
LEAD-00395,11-50,Other,Organic Search,6,1,1,3,69,0,1,1
LEAD-00396,11-50,Healthcare,Paid Ads,3,2,0,3,40,0,1,0
LEAD-00397,11-50,E-commerce,Paid Ads,3,0,0,4,138,1,1,1
LEAD-00398,51-200,Healthcare,Referral,6,1,1,4,31,0,1,1
LEAD-00399,1-10,Healthcare,Paid Ads,7,2,0,2,30,0,0,0
LEAD-00400,1-10,Finance,Organic Search,9,0,0,4,179,0,0,0
LEAD-00401,201-1000,SaaS,Referral,8,1,1,3,85,0,0,0
LEAD-00402,201-1000,E-commerce,Content/Webinar,5,2,0,3,164,0,1,0
LEAD-00403,11-50,Manufacturing,Paid Ads,10,1,0,6,61,1,0,1
LEAD-00404,11-50,Other,Organic Search,4,2,0,5,27,0,1,0
LEAD-00405,51-200,Manufacturing,Organic Search,7,0,0,5,35,0,1,0
LEAD-00406,11-50,E-commerce,Organic Search,5,3,1,3,60,0,0,1
LEAD-00407,1-10,Finance,Organic Search,6,2,0,3,32,0,1,1
LEAD-00408,1-10,E-commerce,Referral,7,0,0,5,90,1,0,1
LEAD-00409,51-200,E-commerce,Referral,4,1,0,1,132,1,1,0
LEAD-00410,51-200,SaaS,Referral,7,1,1,3,91,1,0,1
LEAD-00411,1-10,Healthcare,Paid Ads,4,1,0,3,100,1,0,0
LEAD-00412,1-10,SaaS,Content/Webinar,9,0,0,7,27,0,1,0
LEAD-00413,1-10,E-commerce,Organic Search,10,3,1,3,47,0,1,1
LEAD-00414,51-200,Manufacturing,Paid Ads,4,1,0,6,134,1,1,0
LEAD-00415,1-10,SaaS,Content/Webinar,5,0,0,3,26,0,1,0
LEAD-00416,1-10,SaaS,Organic Search,8,0,1,6,24,0,0,1
LEAD-00417,51-200,SaaS,Organic Search,10,1,0,7,119,0,0,0
LEAD-00418,1-10,Other,Content/Webinar,8,0,1,5,44,0,0,0
LEAD-00419,51-200,Healthcare,Paid Ads,9,4,1,3,142,1,0,1
LEAD-00420,1-10,E-commerce,Referral,8,1,1,1,141,0,0,1
LEAD-00421,1-10,Manufacturing,Organic Search,8,4,1,3,154,0,0,0
LEAD-00422,1-10,Manufacturing,Referral,6,1,1,1,43,1,0,0
LEAD-00423,51-200,E-commerce,Paid Ads,2,1,0,5,43,1,0,0
LEAD-00424,201-1000,Finance,Organic Search,9,1,1,1,66,0,0,0
LEAD-00425,201-1000,Finance,Referral,2,0,0,9,110,0,0,0
LEAD-00426,11-50,Finance,Organic Search,2,1,0,8,111,0,0,0
LEAD-00427,51-200,SaaS,Paid Ads,4,1,0,5,156,0,0,0
LEAD-00428,1-10,Manufacturing,Organic Search,4,3,0,3,1,0,1,1
LEAD-00429,11-50,Healthcare,Organic Search,5,0,0,6,140,0,1,0
LEAD-00430,201-1000,SaaS,Organic Search,6,1,0,3,110,1,0,0
LEAD-00431,1-10,E-commerce,Organic Search,9,1,1,4,178,1,1,1
LEAD-00432,1-10,SaaS,Cold Outreach,6,1,0,2,60,0,1,0
LEAD-00433,1-10,SaaS,Organic Search,4,0,0,2,163,0,0,0
LEAD-00434,1-10,Finance,Paid Ads,5,0,1,3,26,1,0,1
LEAD-00435,1-10,SaaS,Organic Search,5,1,0,4,159,0,1,0
LEAD-00436,51-200,E-commerce,Paid Ads,5,1,0,5,57,1,0,0
LEAD-00437,11-50,Healthcare,Cold Outreach,12,0,1,6,140,0,1,0
LEAD-00438,201-1000,SaaS,Organic Search,5,1,0,3,133,1,0,1
LEAD-00439,201-1000,Other,Cold Outreach,5,2,0,1,135,0,0,0
LEAD-00440,11-50,SaaS,Organic Search,4,2,0,5,144,0,0,0
LEAD-00441,11-50,E-commerce,Referral,7,0,0,1,52,0,1,0
LEAD-00442,11-50,E-commerce,Paid Ads,7,1,0,3,81,0,1,0
LEAD-00443,51-200,SaaS,Content/Webinar,4,2,1,2,149,0,1,1
LEAD-00444,11-50,SaaS,Referral,7,2,0,4,27,1,1,1
LEAD-00445,51-200,Finance,Paid Ads,6,2,1,2,111,0,0,0
LEAD-00446,11-50,Other,Organic Search,8,4,0,5,116,0,1,0
LEAD-00447,51-200,SaaS,Organic Search,4,2,1,3,79,0,1,0
LEAD-00448,11-50,Finance,Cold Outreach,4,1,1,5,23,1,1,1
LEAD-00449,11-50,Finance,Paid Ads,3,1,0,2,127,1,1,0
LEAD-00450,201-1000,Manufacturing,Paid Ads,10,0,0,2,25,0,0,0
LEAD-00451,51-200,E-commerce,Content/Webinar,9,1,1,3,139,0,1,1
LEAD-00452,1-10,E-commerce,Paid Ads,2,1,0,3,63,1,1,1
LEAD-00453,201-1000,E-commerce,Cold Outreach,4,0,0,1,85,1,1,0
LEAD-00454,11-50,Finance,Referral,5,1,1,1,119,1,1,1
LEAD-00455,201-1000,Manufacturing,Referral,5,0,1,6,10,1,1,1
LEAD-00456,51-200,SaaS,Content/Webinar,6,2,0,3,178,1,0,0
LEAD-00457,11-50,E-commerce,Organic Search,3,2,0,5,112,0,0,0
LEAD-00458,1-10,Other,Organic Search,5,0,0,0,129,0,1,0
LEAD-00459,11-50,Manufacturing,Paid Ads,10,1,0,5,70,0,1,0
LEAD-00460,11-50,Other,Organic Search,5,2,0,4,158,0,0,0
LEAD-00461,51-200,Finance,Referral,4,1,1,2,55,1,0,1
LEAD-00462,11-50,E-commerce,Cold Outreach,6,0,1,3,98,1,1,1
LEAD-00463,1-10,Healthcare,Paid Ads,3,2,0,4,86,0,1,0
LEAD-00464,201-1000,Finance,Paid Ads,7,1,0,6,134,0,1,1
LEAD-00465,1000+,SaaS,Cold Outreach,4,0,1,1,105,0,0,0
LEAD-00466,11-50,Healthcare,Paid Ads,7,2,1,2,24,1,0,1
LEAD-00467,1-10,Finance,Paid Ads,3,0,0,5,85,0,0,0
LEAD-00468,11-50,SaaS,Paid Ads,6,1,1,5,103,0,1,1
LEAD-00469,1-10,Finance,Cold Outreach,6,2,0,4,133,0,0,0
LEAD-00470,201-1000,Healthcare,Referral,4,8,1,4,135,0,0,1
LEAD-00471,1-10,Other,Content/Webinar,8,0,0,2,131,0,1,0
LEAD-00472,51-200,SaaS,Content/Webinar,9,3,0,1,141,0,0,0
LEAD-00473,11-50,SaaS,Paid Ads,1,1,1,4,76,0,0,1
LEAD-00474,51-200,Healthcare,Paid Ads,6,1,0,5,134,0,1,0
LEAD-00475,51-200,SaaS,Content/Webinar,4,2,0,3,98,0,1,0
LEAD-00476,201-1000,Finance,Paid Ads,9,1,0,3,47,0,1,1
LEAD-00477,1-10,Finance,Content/Webinar,6,0,0,1,55,1,0,0
LEAD-00478,1-10,SaaS,Cold Outreach,4,1,0,4,49,1,0,0
LEAD-00479,1-10,Healthcare,Referral,6,0,0,2,3,0,0,1
LEAD-00480,201-1000,Healthcare,Referral,3,3,0,3,22,0,1,1
LEAD-00481,201-1000,E-commerce,Content/Webinar,6,4,0,9,35,0,0,1
LEAD-00482,51-200,Other,Content/Webinar,10,2,0,4,28,1,1,1
LEAD-00483,51-200,Manufacturing,Paid Ads,8,0,0,3,170,0,1,0
LEAD-00484,51-200,Finance,Organic Search,7,0,1,2,140,1,1,1
LEAD-00485,1-10,Finance,Paid Ads,2,0,1,7,129,0,1,1
LEAD-00486,201-1000,E-commerce,Referral,2,0,1,1,100,0,0,0
LEAD-00487,11-50,Other,Paid Ads,9,1,0,3,117,1,1,0
LEAD-00488,11-50,Finance,Referral,9,2,0,3,23,1,1,1
LEAD-00489,11-50,Finance,Paid Ads,10,1,0,5,101,0,0,0
LEAD-00490,1-10,Manufacturing,Referral,10,2,1,3,28,0,0,0
LEAD-00491,1-10,SaaS,Organic Search,3,2,1,1,113,0,1,0
LEAD-00492,51-200,Manufacturing,Referral,8,2,0,6,117,0,1,1
LEAD-00493,1-10,SaaS,Paid Ads,8,1,0,4,164,0,1,0
LEAD-00494,51-200,E-commerce,Organic Search,8,1,1,5,125,0,0,0
LEAD-00495,1-10,E-commerce,Organic Search,5,2,0,0,54,1,0,0
LEAD-00496,11-50,Other,Referral,4,1,0,3,175,0,0,0
LEAD-00497,11-50,Manufacturing,Paid Ads,7,1,1,5,56,0,1,1
LEAD-00498,11-50,Finance,Organic Search,6,3,0,3,10,1,0,0
LEAD-00499,51-200,Finance,Cold Outreach,7,1,0,1,133,0,0,0
LEAD-00500,11-50,Healthcare,Referral,2,2,0,3,142,0,1,0
LEAD-00501,51-200,Other,Cold Outreach,4,2,1,2,152,0,0,0
LEAD-00502,11-50,E-commerce,Paid Ads,2,2,1,6,28,0,0,1
LEAD-00503,51-200,E-commerce,Paid Ads,6,3,1,4,21,0,1,1
LEAD-00504,201-1000,SaaS,Content/Webinar,4,0,1,4,76,0,0,0
LEAD-00505,51-200,Finance,Paid Ads,8,1,0,5,20,1,0,0
LEAD-00506,1-10,Finance,Referral,1,2,1,3,115,0,0,0
LEAD-00507,1-10,E-commerce,Organic Search,7,2,0,5,96,1,0,0
LEAD-00508,11-50,SaaS,Paid Ads,2,1,0,5,51,0,0,0
LEAD-00509,51-200,Manufacturing,Organic Search,6,3,0,8,102,0,1,1
LEAD-00510,1-10,SaaS,Organic Search,6,1,0,8,40,0,0,0
LEAD-00511,11-50,Finance,Organic Search,8,3,0,5,85,0,1,0
LEAD-00512,51-200,Other,Organic Search,5,2,1,5,81,0,1,1
LEAD-00513,11-50,E-commerce,Cold Outreach,8,3,1,4,115,0,0,0
LEAD-00514,51-200,SaaS,Organic Search,5,1,1,3,108,0,0,0
LEAD-00515,1-10,Finance,Referral,9,1,1,6,156,0,0,1
LEAD-00516,1-10,Manufacturing,Content/Webinar,5,0,1,3,2,1,0,0
LEAD-00517,51-200,Healthcare,Referral,8,1,1,5,14,0,0,1
LEAD-00518,11-50,Other,Organic Search,2,1,0,1,14,1,0,1
LEAD-00519,51-200,SaaS,Referral,3,1,0,8,44,0,0,1
LEAD-00520,11-50,Healthcare,Referral,2,2,1,4,40,0,1,1
LEAD-00521,1-10,Finance,Referral,6,3,0,3,34,0,0,0
LEAD-00522,201-1000,Manufacturing,Content/Webinar,9,4,1,4,65,1,0,1
LEAD-00523,51-200,SaaS,Cold Outreach,5,1,0,4,18,0,0,0
LEAD-00524,51-200,Manufacturing,Referral,0,1,0,3,112,0,0,0
LEAD-00525,11-50,Healthcare,Paid Ads,11,0,0,4,34,0,0,0
LEAD-00526,51-200,E-commerce,Referral,3,0,1,7,87,0,1,1
LEAD-00527,11-50,SaaS,Organic Search,11,0,1,3,177,0,1,0
LEAD-00528,1-10,Manufacturing,Content/Webinar,5,1,1,3,80,1,0,1
LEAD-00529,201-1000,SaaS,Organic Search,5,0,0,5,124,0,0,0
LEAD-00530,1-10,E-commerce,Paid Ads,4,1,0,8,62,1,1,1
LEAD-00531,1000+,SaaS,Content/Webinar,10,1,0,4,128,1,0,1
LEAD-00532,11-50,Manufacturing,Referral,5,0,0,3,70,1,0,1
LEAD-00533,1-10,Finance,Paid Ads,4,0,0,5,152,0,1,0
LEAD-00534,11-50,Finance,Paid Ads,3,2,0,2,48,0,0,0
LEAD-00535,201-1000,SaaS,Content/Webinar,4,1,0,4,80,1,1,0
LEAD-00536,51-200,Healthcare,Paid Ads,7,2,1,6,39,0,0,0
LEAD-00537,201-1000,Healthcare,Content/Webinar,3,2,0,6,176,0,1,0
LEAD-00538,51-200,Manufacturing,Organic Search,4,1,1,4,70,1,0,1
LEAD-00539,51-200,Other,Content/Webinar,10,4,1,2,80,0,0,1
LEAD-00540,201-1000,SaaS,Content/Webinar,4,1,1,4,9,0,1,1
LEAD-00541,1-10,Finance,Organic Search,8,3,0,7,29,0,0,1
LEAD-00542,11-50,SaaS,Paid Ads,5,2,0,6,154,1,1,0
LEAD-00543,1-10,Healthcare,Organic Search,3,0,1,6,118,1,0,0
LEAD-00544,1000+,SaaS,Referral,9,0,0,6,166,0,0,0
LEAD-00545,201-1000,E-commerce,Paid Ads,6,4,0,3,62,0,1,0
LEAD-00546,1-10,E-commerce,Referral,8,2,0,2,154,0,0,0
LEAD-00547,51-200,Healthcare,Organic Search,5,1,0,3,142,0,1,0
LEAD-00548,201-1000,E-commerce,Organic Search,4,1,0,3,177,0,0,0
LEAD-00549,1-10,Finance,Organic Search,8,0,0,4,43,1,1,0
LEAD-00550,51-200,E-commerce,Paid Ads,4,3,1,9,88,1,1,1
LEAD-00551,201-1000,SaaS,Referral,7,2,1,4,8,1,0,1
LEAD-00552,1-10,Finance,Content/Webinar,7,1,0,6,168,1,1,1
LEAD-00553,51-200,SaaS,Referral,6,2,1,3,25,1,0,1
LEAD-00554,11-50,E-commerce,Paid Ads,5,0,1,7,132,0,0,0
LEAD-00555,201-1000,Finance,Cold Outreach,9,0,0,2,15,1,1,1
LEAD-00556,1000+,E-commerce,Referral,7,1,1,5,16,0,1,1
LEAD-00557,201-1000,SaaS,Cold Outreach,10,0,1,4,54,1,1,1
LEAD-00558,11-50,E-commerce,Paid Ads,4,0,0,6,127,0,0,0
LEAD-00559,201-1000,Other,Organic Search,2,0,0,8,11,0,1,0
LEAD-00560,201-1000,Healthcare,Organic Search,9,1,0,1,28,1,0,0
LEAD-00561,11-50,Finance,Referral,10,2,0,4,7,0,1,1
LEAD-00562,201-1000,Healthcare,Organic Search,7,3,0,3,114,0,1,0
LEAD-00563,1-10,SaaS,Paid Ads,3,1,0,5,128,0,1,0
LEAD-00564,51-200,E-commerce,Paid Ads,6,0,1,4,38,1,1,1
LEAD-00565,1-10,Finance,Referral,7,0,1,1,152,0,1,0
LEAD-00566,1-10,SaaS,Referral,9,1,0,4,68,1,1,1
LEAD-00567,1-10,SaaS,Organic Search,4,2,0,4,37,0,0,0
LEAD-00568,51-200,SaaS,Paid Ads,8,1,0,2,120,1,1,0
LEAD-00569,11-50,E-commerce,Referral,10,2,0,6,35,0,0,1
LEAD-00570,51-200,Other,Cold Outreach,9,2,1,2,134,0,0,1
LEAD-00571,1-10,SaaS,Referral,8,1,0,2,110,0,1,0
LEAD-00572,11-50,Healthcare,Cold Outreach,7,2,0,2,161,0,0,0
LEAD-00573,11-50,SaaS,Content/Webinar,6,0,0,1,116,0,0,0
LEAD-00574,51-200,Other,Referral,7,2,0,2,110,0,0,0
LEAD-00575,11-50,SaaS,Organic Search,8,1,0,2,102,0,1,0
LEAD-00576,51-200,E-commerce,Referral,4,1,0,4,99,0,1,1
LEAD-00577,201-1000,Finance,Referral,7,0,0,2,142,0,0,0
LEAD-00578,51-200,Finance,Referral,15,1,1,4,147,0,1,1
LEAD-00579,1-10,E-commerce,Paid Ads,2,2,1,4,139,0,0,0
LEAD-00580,1-10,E-commerce,Paid Ads,8,2,1,5,71,1,0,1
LEAD-00581,201-1000,E-commerce,Paid Ads,8,2,1,5,173,0,1,1
LEAD-00582,1-10,SaaS,Paid Ads,3,3,0,4,88,1,0,1
LEAD-00583,201-1000,SaaS,Organic Search,5,0,0,6,88,1,1,0
LEAD-00584,11-50,E-commerce,Content/Webinar,4,1,0,4,78,0,1,0
LEAD-00585,201-1000,SaaS,Organic Search,4,2,0,2,152,1,0,0
LEAD-00586,51-200,SaaS,Organic Search,3,0,0,5,11,0,1,1
LEAD-00587,1000+,Finance,Paid Ads,4,1,1,6,127,0,0,0
LEAD-00588,11-50,Other,Referral,6,3,0,4,172,0,0,0
LEAD-00589,51-200,Healthcare,Paid Ads,11,2,0,4,79,0,0,0
LEAD-00590,11-50,SaaS,Organic Search,4,1,0,6,173,0,0,0
LEAD-00591,11-50,SaaS,Referral,6,1,0,4,74,1,1,1
LEAD-00592,51-200,Other,Paid Ads,4,2,1,3,160,0,0,0
LEAD-00593,201-1000,SaaS,Cold Outreach,9,1,0,5,17,1,0,0
LEAD-00594,1000+,SaaS,Cold Outreach,8,4,0,3,138,0,1,1
LEAD-00595,51-200,Healthcare,Paid Ads,3,0,0,1,6,1,1,0
LEAD-00596,11-50,Healthcare,Paid Ads,13,0,0,2,148,1,0,0
LEAD-00597,11-50,Healthcare,Referral,7,0,0,3,1,1,1,1
LEAD-00598,51-200,SaaS,Organic Search,9,1,1,5,64,1,0,1
LEAD-00599,1-10,SaaS,Paid Ads,4,2,1,3,1,0,0,0
LEAD-00600,1-10,Other,Paid Ads,10,1,1,4,101,0,1,1
LEAD-00601,11-50,SaaS,Cold Outreach,6,0,1,3,1,0,0,0
LEAD-00602,11-50,Finance,Organic Search,9,1,0,3,174,1,1,0
LEAD-00603,11-50,Finance,Referral,9,1,1,4,109,0,1,1
LEAD-00604,1-10,Healthcare,Referral,9,1,0,5,60,1,0,1
LEAD-00605,1-10,E-commerce,Paid Ads,11,2,0,6,43,0,1,0
LEAD-00606,1-10,SaaS,Organic Search,4,3,1,5,172,0,0,0
LEAD-00607,1000+,Healthcare,Cold Outreach,5,2,0,4,38,0,0,1
LEAD-00608,11-50,Manufacturing,Paid Ads,2,1,0,5,107,0,0,0
LEAD-00609,11-50,Other,Referral,7,0,0,3,2,0,1,0
LEAD-00610,51-200,SaaS,Organic Search,5,2,0,6,82,0,0,0
LEAD-00611,1-10,SaaS,Paid Ads,8,2,1,1,140,0,0,1
LEAD-00612,201-1000,Other,Paid Ads,5,2,0,2,151,1,0,0
LEAD-00613,51-200,Finance,Organic Search,6,1,0,4,111,0,1,0
LEAD-00614,1-10,Manufacturing,Organic Search,5,2,0,5,9,0,0,1
LEAD-00615,11-50,SaaS,Content/Webinar,2,2,0,3,136,1,0,0
LEAD-00616,201-1000,Healthcare,Organic Search,7,1,1,4,178,0,0,0
LEAD-00617,201-1000,Finance,Organic Search,9,3,1,2,80,0,1,1
LEAD-00618,11-50,Finance,Paid Ads,5,2,0,4,62,0,1,1
LEAD-00619,51-200,E-commerce,Content/Webinar,5,2,0,5,23,0,1,0
LEAD-00620,1-10,SaaS,Organic Search,7,4,0,6,93,0,1,1
LEAD-00621,1000+,Healthcare,Referral,4,1,1,4,59,1,1,1
LEAD-00622,1-10,SaaS,Organic Search,9,3,1,7,10,0,0,0
LEAD-00623,201-1000,E-commerce,Organic Search,1,3,1,4,140,0,0,0
LEAD-00624,51-200,Other,Organic Search,9,5,1,2,125,0,1,0
LEAD-00625,51-200,E-commerce,Content/Webinar,1,0,0,1,116,0,0,0
LEAD-00626,11-50,Manufacturing,Organic Search,6,1,0,2,158,0,1,0
LEAD-00627,1-10,SaaS,Organic Search,5,0,1,2,74,0,0,0
LEAD-00628,1-10,Finance,Paid Ads,5,1,1,2,175,0,1,0
LEAD-00629,1-10,Other,Content/Webinar,10,1,0,2,41,0,1,0
LEAD-00630,1-10,SaaS,Organic Search,3,3,0,3,103,0,1,0
LEAD-00631,51-200,SaaS,Paid Ads,4,2,0,6,7,0,0,0
LEAD-00632,11-50,E-commerce,Organic Search,6,1,0,2,94,0,1,0
LEAD-00633,1-10,SaaS,Paid Ads,10,0,0,9,116,0,0,0
LEAD-00634,1000+,Finance,Referral,8,2,1,3,105,0,0,1
LEAD-00635,201-1000,Other,Referral,7,1,1,3,52,0,0,0
LEAD-00636,201-1000,E-commerce,Paid Ads,4,1,0,5,45,0,0,0
LEAD-00637,1000+,SaaS,Paid Ads,6,2,0,2,38,0,0,0
LEAD-00638,1-10,E-commerce,Organic Search,6,2,0,8,164,1,1,0
LEAD-00639,11-50,Finance,Paid Ads,5,4,0,6,81,0,1,0
LEAD-00640,51-200,SaaS,Organic Search,4,0,0,3,85,0,0,0
LEAD-00641,51-200,Healthcare,Content/Webinar,4,1,1,2,58,1,0,1
LEAD-00642,1-10,Healthcare,Cold Outreach,5,3,0,2,46,0,1,1
LEAD-00643,201-1000,Healthcare,Cold Outreach,7,2,0,4,123,0,0,0
LEAD-00644,1-10,SaaS,Content/Webinar,5,1,0,11,146,0,1,0
LEAD-00645,1-10,Finance,Referral,6,0,0,4,130,0,0,0
LEAD-00646,11-50,SaaS,Referral,8,1,0,6,104,0,1,0
LEAD-00647,51-200,SaaS,Organic Search,5,2,1,1,112,1,1,0
LEAD-00648,51-200,Manufacturing,Referral,4,4,0,5,132,0,1,1
LEAD-00649,1-10,Finance,Paid Ads,6,1,1,5,96,0,0,0
LEAD-00650,201-1000,SaaS,Paid Ads,7,1,0,5,83,0,0,0
LEAD-00651,11-50,SaaS,Content/Webinar,7,3,1,2,170,1,0,1
LEAD-00652,1-10,SaaS,Organic Search,8,1,1,5,49,1,0,0
LEAD-00653,201-1000,SaaS,Paid Ads,9,0,1,5,177,1,0,0
LEAD-00654,1000+,SaaS,Cold Outreach,1,0,0,5,117,1,1,0
LEAD-00655,201-1000,SaaS,Organic Search,12,1,0,4,135,0,1,1
LEAD-00656,201-1000,E-commerce,Paid Ads,3,1,1,4,9,1,0,1
LEAD-00657,51-200,Finance,Cold Outreach,13,2,0,4,27,0,0,1
LEAD-00658,51-200,Healthcare,Referral,7,0,1,4,149,0,0,0
LEAD-00659,1-10,Finance,Paid Ads,3,0,0,2,35,1,1,1
LEAD-00660,11-50,SaaS,Organic Search,0,2,1,2,88,0,0,0
LEAD-00661,11-50,Other,Paid Ads,12,1,1,5,164,1,0,1
LEAD-00662,11-50,Manufacturing,Content/Webinar,4,0,1,5,93,1,1,1
LEAD-00663,51-200,Manufacturing,Referral,2,2,0,6,67,0,0,0
LEAD-00664,11-50,Manufacturing,Paid Ads,8,3,0,4,43,1,1,1
LEAD-00665,1-10,Other,Organic Search,3,1,1,5,8,0,0,1
LEAD-00666,1-10,Healthcare,Organic Search,4,0,1,2,121,1,1,1
LEAD-00667,51-200,SaaS,Cold Outreach,4,0,1,6,78,0,1,0
LEAD-00668,1-10,Healthcare,Paid Ads,6,1,1,0,36,0,1,1
LEAD-00669,201-1000,Finance,Referral,9,1,0,5,127,1,0,1
LEAD-00670,11-50,Finance,Organic Search,10,1,0,3,48,0,1,1
LEAD-00671,11-50,Healthcare,Referral,7,2,0,2,174,1,0,0
LEAD-00672,51-200,SaaS,Cold Outreach,6,1,1,8,160,1,0,0
LEAD-00673,201-1000,E-commerce,Referral,5,1,0,4,135,0,0,0
LEAD-00674,11-50,Other,Organic Search,10,2,1,6,74,0,1,1
LEAD-00675,51-200,Healthcare,Referral,8,2,1,4,140,1,1,1
LEAD-00676,51-200,Healthcare,Content/Webinar,5,0,0,2,55,0,1,1
LEAD-00677,11-50,SaaS,Paid Ads,8,3,1,7,23,0,0,1
LEAD-00678,201-1000,E-commerce,Content/Webinar,6,1,0,5,13,0,0,0
LEAD-00679,51-200,Manufacturing,Referral,8,0,0,2,53,0,0,0
LEAD-00680,51-200,Finance,Content/Webinar,8,1,1,5,63,0,0,1
LEAD-00681,201-1000,Finance,Referral,6,1,0,13,74,0,1,1
LEAD-00682,201-1000,E-commerce,Organic Search,5,1,1,2,51,0,1,1
LEAD-00683,51-200,Healthcare,Paid Ads,10,2,1,3,155,0,1,0
LEAD-00684,201-1000,SaaS,Organic Search,4,2,0,4,7,0,0,0
LEAD-00685,51-200,Finance,Cold Outreach,6,4,0,6,119,0,0,0
LEAD-00686,51-200,E-commerce,Content/Webinar,10,3,1,6,50,1,0,1
LEAD-00687,51-200,E-commerce,Referral,6,3,0,1,152,0,0,0
LEAD-00688,51-200,Healthcare,Paid Ads,5,0,0,2,87,0,1,0
LEAD-00689,1-10,Other,Organic Search,11,2,1,4,153,0,0,0
LEAD-00690,201-1000,SaaS,Content/Webinar,6,1,0,3,44,0,1,0
LEAD-00691,201-1000,Manufacturing,Paid Ads,7,1,0,5,36,0,0,0
LEAD-00692,1-10,SaaS,Organic Search,4,1,0,6,97,1,0,0
LEAD-00693,201-1000,E-commerce,Referral,6,0,1,5,165,0,1,1
LEAD-00694,1-10,SaaS,Organic Search,8,0,0,4,103,1,0,0
LEAD-00695,11-50,E-commerce,Paid Ads,2,2,1,4,125,0,0,0
LEAD-00696,51-200,Healthcare,Paid Ads,5,0,0,3,7,0,0,0
LEAD-00697,1-10,SaaS,Organic Search,2,0,0,5,94,1,1,0
LEAD-00698,201-1000,E-commerce,Cold Outreach,4,2,0,6,121,1,0,0
LEAD-00699,201-1000,Other,Organic Search,8,0,1,2,109,1,0,0
LEAD-00700,11-50,SaaS,Organic Search,6,2,0,6,37,0,0,0
LEAD-00701,1-10,Finance,Organic Search,3,3,0,3,21,1,1,0
LEAD-00702,11-50,E-commerce,Content/Webinar,6,2,0,3,98,1,1,1
LEAD-00703,51-200,Finance,Paid Ads,5,1,0,4,46,0,0,0
LEAD-00704,1000+,SaaS,Referral,8,1,0,1,21,0,1,1
LEAD-00705,51-200,SaaS,Organic Search,4,0,1,4,98,0,0,0
LEAD-00706,11-50,SaaS,Organic Search,11,1,1,0,72,0,0,0
LEAD-00707,51-200,SaaS,Paid Ads,9,0,0,3,96,1,0,0
LEAD-00708,11-50,SaaS,Content/Webinar,7,1,0,4,52,1,1,1
LEAD-00709,51-200,Finance,Content/Webinar,4,1,1,4,29,0,1,1
LEAD-00710,1-10,Manufacturing,Organic Search,8,1,1,2,69,0,1,0
LEAD-00711,51-200,Manufacturing,Paid Ads,8,1,0,6,167,0,1,0
LEAD-00712,11-50,Finance,Cold Outreach,3,0,1,4,27,0,0,0
LEAD-00713,1000+,SaaS,Paid Ads,9,2,0,5,111,0,0,0
LEAD-00714,11-50,SaaS,Content/Webinar,4,0,0,5,138,1,1,0
LEAD-00715,51-200,E-commerce,Organic Search,11,1,1,3,36,0,1,0
LEAD-00716,201-1000,SaaS,Cold Outreach,7,2,0,2,95,0,1,0
LEAD-00717,1-10,Healthcare,Content/Webinar,3,2,0,5,16,0,1,1
LEAD-00718,201-1000,Healthcare,Cold Outreach,7,1,0,3,164,0,0,0
LEAD-00719,51-200,E-commerce,Referral,4,2,0,12,90,1,1,1
LEAD-00720,1-10,E-commerce,Paid Ads,4,0,0,5,108,0,0,0
LEAD-00721,11-50,Manufacturing,Cold Outreach,7,0,1,2,84,0,0,0
LEAD-00722,51-200,Finance,Organic Search,7,0,1,4,162,0,0,0
LEAD-00723,1-10,E-commerce,Paid Ads,9,0,0,5,165,0,1,0
LEAD-00724,51-200,Other,Referral,10,1,1,6,68,0,0,1
LEAD-00725,11-50,Other,Content/Webinar,4,1,0,1,59,0,0,0
LEAD-00726,51-200,E-commerce,Cold Outreach,8,0,1,3,157,0,1,0
LEAD-00727,1-10,E-commerce,Organic Search,4,0,0,6,31,0,1,0
LEAD-00728,201-1000,Healthcare,Content/Webinar,7,0,0,6,66,0,0,0
LEAD-00729,1000+,Other,Referral,10,0,1,3,89,0,1,1
LEAD-00730,1000+,Manufacturing,Organic Search,12,2,0,4,3,0,1,1
LEAD-00731,51-200,SaaS,Paid Ads,7,1,0,2,107,0,1,0
LEAD-00732,1-10,E-commerce,Organic Search,5,2,0,3,69,0,1,0
LEAD-00733,51-200,Healthcare,Paid Ads,7,1,0,3,22,1,1,1
LEAD-00734,1-10,Healthcare,Cold Outreach,6,3,1,3,80,1,0,1
LEAD-00735,1-10,SaaS,Referral,9,3,1,5,53,0,0,1
LEAD-00736,11-50,Manufacturing,Referral,9,1,0,3,176,0,0,0
LEAD-00737,11-50,Finance,Cold Outreach,4,1,1,1,76,0,1,0
LEAD-00738,51-200,Manufacturing,Paid Ads,4,2,1,5,175,0,1,1
LEAD-00739,51-200,Manufacturing,Content/Webinar,4,1,0,4,42,1,1,1
LEAD-00740,11-50,Finance,Paid Ads,2,1,0,3,4,1,0,0
LEAD-00741,11-50,E-commerce,Content/Webinar,10,0,0,3,113,0,1,1
LEAD-00742,1000+,Healthcare,Organic Search,8,1,0,5,42,0,0,0
LEAD-00743,11-50,SaaS,Cold Outreach,2,4,0,7,171,0,1,0
LEAD-00744,11-50,Finance,Organic Search,4,1,0,4,97,0,0,0
LEAD-00745,1-10,SaaS,Paid Ads,14,3,0,4,170,1,0,1
LEAD-00746,51-200,Finance,Content/Webinar,2,3,0,5,126,0,1,0
LEAD-00747,51-200,SaaS,Paid Ads,3,1,1,4,3,0,0,0
LEAD-00748,1-10,SaaS,Referral,5,2,0,1,81,0,1,0
LEAD-00749,1-10,SaaS,Paid Ads,6,0,0,1,139,0,0,0
LEAD-00750,51-200,SaaS,Referral,10,2,0,6,81,0,0,1
LEAD-00751,51-200,Finance,Organic Search,3,3,0,4,163,1,1,0
LEAD-00752,11-50,Finance,Organic Search,7,0,1,3,105,0,0,0
LEAD-00753,1000+,Healthcare,Organic Search,4,2,1,2,178,1,1,0
LEAD-00754,1-10,SaaS,Paid Ads,6,2,0,7,124,1,1,1
LEAD-00755,11-50,SaaS,Organic Search,5,3,0,2,99,1,1,1
LEAD-00756,201-1000,SaaS,Paid Ads,8,2,0,3,6,0,1,1
LEAD-00757,11-50,SaaS,Paid Ads,6,2,1,3,32,0,1,1
LEAD-00758,51-200,Manufacturing,Organic Search,1,1,0,3,11,0,0,0
LEAD-00759,11-50,SaaS,Referral,5,3,0,5,43,0,0,0
LEAD-00760,11-50,E-commerce,Content/Webinar,9,3,1,3,39,1,0,1
LEAD-00761,1000+,SaaS,Organic Search,4,0,0,4,141,0,0,0
LEAD-00762,11-50,SaaS,Referral,1,2,0,4,13,0,0,1
LEAD-00763,201-1000,Healthcare,Referral,4,0,1,7,39,0,1,1
LEAD-00764,1-10,Healthcare,Paid Ads,8,0,0,4,174,1,1,0
LEAD-00765,1-10,SaaS,Referral,6,2,0,0,162,1,0,1
LEAD-00766,1-10,SaaS,Paid Ads,6,1,1,5,160,0,1,0
LEAD-00767,51-200,E-commerce,Paid Ads,6,2,0,5,68,1,1,1
LEAD-00768,11-50,SaaS,Organic Search,2,1,1,3,104,1,1,0
LEAD-00769,201-1000,SaaS,Referral,5,1,1,5,65,0,1,1
LEAD-00770,11-50,Other,Referral,10,2,0,5,113,1,0,0
LEAD-00771,1000+,Healthcare,Organic Search,3,1,0,5,7,1,0,1
LEAD-00772,1-10,Healthcare,Paid Ads,8,2,0,4,3,0,1,1
LEAD-00773,201-1000,E-commerce,Cold Outreach,1,2,1,2,86,0,0,0
LEAD-00774,51-200,E-commerce,Paid Ads,9,0,0,1,49,0,0,0
LEAD-00775,51-200,Healthcare,Paid Ads,10,2,1,1,58,0,0,0
LEAD-00776,201-1000,Finance,Cold Outreach,5,2,0,5,28,1,1,1
LEAD-00777,51-200,Finance,Referral,12,2,0,2,115,0,1,0
LEAD-00778,51-200,SaaS,Referral,2,2,0,1,155,1,1,0
LEAD-00779,1-10,Healthcare,Content/Webinar,5,3,1,3,22,1,0,1
LEAD-00780,1-10,E-commerce,Content/Webinar,3,1,0,3,94,1,1,0
LEAD-00781,201-1000,Manufacturing,Paid Ads,5,3,0,4,101,1,0,0
LEAD-00782,51-200,Healthcare,Paid Ads,8,2,0,6,71,0,1,0
LEAD-00783,51-200,Healthcare,Paid Ads,3,0,1,8,114,1,1,1
LEAD-00784,11-50,SaaS,Cold Outreach,11,0,0,3,13,1,0,0
LEAD-00785,1-10,Healthcare,Referral,2,1,0,5,150,0,0,0
LEAD-00786,1-10,SaaS,Organic Search,5,1,0,4,5,1,1,1
LEAD-00787,51-200,E-commerce,Content/Webinar,4,4,1,6,22,1,0,1
LEAD-00788,11-50,SaaS,Paid Ads,3,1,0,7,127,0,0,0
LEAD-00789,1-10,Finance,Organic Search,9,2,1,9,53,0,1,1
LEAD-00790,11-50,SaaS,Paid Ads,12,4,1,2,39,1,1,1
LEAD-00791,1-10,E-commerce,Paid Ads,4,1,0,4,37,1,0,0
LEAD-00792,51-200,Manufacturing,Content/Webinar,7,2,0,5,31,0,1,1
LEAD-00793,11-50,SaaS,Organic Search,2,4,0,1,62,0,0,0
LEAD-00794,51-200,Healthcare,Content/Webinar,5,0,0,4,103,1,1,1
LEAD-00795,11-50,E-commerce,Referral,5,0,0,6,81,1,1,0
LEAD-00796,11-50,SaaS,Organic Search,3,3,0,2,127,1,1,1
LEAD-00797,1-10,Finance,Cold Outreach,6,0,0,3,6,1,1,0
LEAD-00798,1-10,SaaS,Paid Ads,11,1,0,3,105,1,0,0
LEAD-00799,11-50,E-commerce,Organic Search,4,0,0,5,81,0,0,0
LEAD-00800,11-50,Healthcare,Paid Ads,7,1,0,4,162,1,1,0
LEAD-00801,51-200,Healthcare,Content/Webinar,9,1,1,2,87,0,1,1
LEAD-00802,11-50,Finance,Paid Ads,6,0,0,6,52,0,0,0
LEAD-00803,51-200,SaaS,Organic Search,8,1,1,7,158,1,1,1
LEAD-00804,201-1000,SaaS,Organic Search,10,0,1,4,13,0,0,0
LEAD-00805,51-200,Finance,Organic Search,9,1,1,4,53,0,1,1
LEAD-00806,1-10,Healthcare,Content/Webinar,5,1,1,1,148,1,1,1
LEAD-00807,11-50,Manufacturing,Paid Ads,4,2,0,3,134,1,1,1
LEAD-00808,1-10,Manufacturing,Organic Search,6,0,0,2,55,0,1,0
LEAD-00809,1-10,Manufacturing,Organic Search,6,1,0,5,159,1,1,0
LEAD-00810,1000+,E-commerce,Paid Ads,8,0,1,7,59,0,1,1
LEAD-00811,1-10,E-commerce,Cold Outreach,9,0,0,6,147,1,1,1
LEAD-00812,11-50,Finance,Paid Ads,10,2,0,4,98,0,0,0
LEAD-00813,51-200,E-commerce,Cold Outreach,3,2,0,3,156,1,0,0
LEAD-00814,51-200,SaaS,Paid Ads,8,3,0,3,141,0,0,0
LEAD-00815,51-200,Manufacturing,Organic Search,2,3,1,5,74,1,1,0
LEAD-00816,1-10,Manufacturing,Content/Webinar,4,0,0,7,61,0,1,0
LEAD-00817,11-50,E-commerce,Paid Ads,3,2,1,3,169,0,0,0
LEAD-00818,11-50,SaaS,Referral,3,0,0,6,45,0,0,0
LEAD-00819,1-10,E-commerce,Cold Outreach,8,0,0,4,135,0,0,0
LEAD-00820,11-50,Manufacturing,Organic Search,6,2,0,5,86,0,1,1
LEAD-00821,1-10,Other,Organic Search,6,1,0,4,14,0,1,1
LEAD-00822,1-10,SaaS,Referral,7,1,0,3,36,0,0,0
LEAD-00823,11-50,SaaS,Organic Search,7,0,1,8,8,1,0,0
LEAD-00824,1-10,Manufacturing,Organic Search,4,0,0,5,12,0,1,0
LEAD-00825,51-200,E-commerce,Organic Search,3,3,0,8,168,0,0,0
LEAD-00826,51-200,Healthcare,Organic Search,9,2,1,3,106,0,1,1
LEAD-00827,201-1000,Other,Content/Webinar,2,0,1,6,142,0,0,0
LEAD-00828,1-10,SaaS,Organic Search,5,2,1,5,177,1,1,1
LEAD-00829,1-10,Healthcare,Paid Ads,5,0,0,4,51,0,0,0
LEAD-00830,1-10,SaaS,Referral,7,3,0,5,5,0,0,1
LEAD-00831,51-200,E-commerce,Paid Ads,4,1,1,3,1,0,1,1
LEAD-00832,51-200,Manufacturing,Organic Search,8,3,0,1,104,0,1,0
LEAD-00833,1-10,E-commerce,Content/Webinar,7,4,0,5,105,0,1,0
LEAD-00834,201-1000,Other,Organic Search,5,1,1,3,101,0,1,1
LEAD-00835,1-10,Healthcare,Content/Webinar,8,1,0,6,128,0,0,0
LEAD-00836,11-50,E-commerce,Content/Webinar,8,2,0,5,97,0,0,0
LEAD-00837,51-200,SaaS,Paid Ads,1,2,0,1,49,0,1,0
LEAD-00838,201-1000,E-commerce,Paid Ads,8,3,1,6,145,1,0,1
LEAD-00839,51-200,E-commerce,Paid Ads,9,0,1,1,95,0,1,0
LEAD-00840,201-1000,SaaS,Paid Ads,7,1,1,9,35,1,1,1
LEAD-00841,11-50,E-commerce,Content/Webinar,1,0,1,6,13,0,0,0
LEAD-00842,201-1000,E-commerce,Content/Webinar,8,1,0,4,116,0,0,1
LEAD-00843,1-10,Finance,Paid Ads,8,1,1,2,165,0,1,0
LEAD-00844,201-1000,Finance,Referral,7,3,0,3,38,1,1,1
LEAD-00845,11-50,Finance,Cold Outreach,4,3,1,4,78,0,0,0
LEAD-00846,201-1000,SaaS,Cold Outreach,8,2,0,6,134,1,1,0
LEAD-00847,11-50,SaaS,Paid Ads,5,4,0,2,63,0,0,0
LEAD-00848,51-200,Finance,Paid Ads,5,1,0,2,177,0,0,0
LEAD-00849,11-50,E-commerce,Organic Search,5,0,1,3,9,0,1,1
LEAD-00850,51-200,SaaS,Cold Outreach,8,2,0,4,164,0,0,0
LEAD-00851,1-10,Manufacturing,Organic Search,11,2,1,1,23,1,1,1
LEAD-00852,1-10,Finance,Referral,7,1,1,3,79,0,0,0
LEAD-00853,1-10,Healthcare,Organic Search,6,2,0,3,118,1,1,0
LEAD-00854,1-10,SaaS,Organic Search,3,2,0,2,178,0,1,0
LEAD-00855,201-1000,Finance,Paid Ads,9,1,0,7,59,0,0,0
LEAD-00856,1-10,Healthcare,Cold Outreach,6,2,0,2,114,0,0,0
LEAD-00857,1000+,Finance,Organic Search,5,0,0,8,135,0,0,1
LEAD-00858,11-50,Finance,Referral,5,2,0,5,47,0,1,1
LEAD-00859,1-10,Manufacturing,Organic Search,6,3,0,7,89,0,0,0
LEAD-00860,51-200,Healthcare,Organic Search,5,0,0,1,87,0,1,0
LEAD-00861,51-200,SaaS,Paid Ads,6,3,0,2,75,1,1,0
LEAD-00862,11-50,Finance,Paid Ads,6,1,1,4,136,0,1,0
LEAD-00863,51-200,Healthcare,Organic Search,5,2,1,4,36,1,0,0
LEAD-00864,51-200,Finance,Paid Ads,4,1,0,8,170,0,1,0
LEAD-00865,1-10,SaaS,Organic Search,4,3,1,1,39,0,1,0
LEAD-00866,1000+,SaaS,Paid Ads,5,2,0,2,65,0,0,0
LEAD-00867,1000+,Manufacturing,Cold Outreach,7,1,0,3,44,0,0,0
LEAD-00868,51-200,Finance,Cold Outreach,9,2,0,5,77,1,1,0
LEAD-00869,1-10,Other,Paid Ads,7,2,0,5,80,0,0,0
LEAD-00870,51-200,Finance,Referral,4,1,1,2,174,0,1,0
LEAD-00871,1-10,Healthcare,Cold Outreach,1,2,0,3,141,0,0,0
LEAD-00872,1-10,Finance,Organic Search,4,3,1,7,37,1,0,1
LEAD-00873,11-50,Manufacturing,Content/Webinar,6,0,0,4,14,0,0,1
LEAD-00874,11-50,Healthcare,Cold Outreach,4,0,0,8,122,1,0,0
LEAD-00875,201-1000,Healthcare,Organic Search,6,0,0,4,141,0,1,0
LEAD-00876,51-200,SaaS,Organic Search,10,1,1,3,140,0,0,0
LEAD-00877,51-200,E-commerce,Cold Outreach,6,3,0,5,55,0,0,1
LEAD-00878,11-50,Finance,Paid Ads,5,1,0,7,156,1,1,0
LEAD-00879,11-50,SaaS,Organic Search,3,2,1,5,22,0,1,1
LEAD-00880,11-50,SaaS,Organic Search,11,2,0,3,84,0,0,0
LEAD-00881,1000+,E-commerce,Paid Ads,3,2,0,5,147,0,0,0
LEAD-00882,1-10,SaaS,Referral,7,1,0,3,158,0,1,0
LEAD-00883,201-1000,SaaS,Referral,7,0,0,6,90,0,0,1
LEAD-00884,51-200,E-commerce,Cold Outreach,5,3,0,1,15,1,1,0
LEAD-00885,11-50,Other,Organic Search,7,0,0,6,30,0,0,1
LEAD-00886,51-200,Healthcare,Paid Ads,5,1,0,4,29,0,0,0
LEAD-00887,11-50,SaaS,Paid Ads,6,4,0,1,160,0,0,0
LEAD-00888,201-1000,SaaS,Paid Ads,8,1,1,1,117,0,1,1
LEAD-00889,201-1000,Finance,Organic Search,6,5,0,3,158,1,0,0
LEAD-00890,11-50,E-commerce,Cold Outreach,2,0,0,4,108,0,0,0
LEAD-00891,11-50,Manufacturing,Content/Webinar,10,2,0,4,115,0,1,0
LEAD-00892,51-200,Finance,Paid Ads,2,0,1,5,16,0,0,1
LEAD-00893,201-1000,Finance,Referral,4,1,1,3,164,0,0,0
LEAD-00894,1-10,SaaS,Organic Search,9,1,1,8,82,0,0,0
LEAD-00895,51-200,Finance,Paid Ads,9,1,1,5,176,0,0,0
LEAD-00896,51-200,SaaS,Referral,7,2,1,8,28,0,0,1
LEAD-00897,51-200,Other,Paid Ads,6,0,0,4,62,0,0,0
LEAD-00898,1-10,Healthcare,Cold Outreach,4,0,0,3,56,1,1,0
LEAD-00899,51-200,E-commerce,Referral,4,2,0,3,75,0,0,1
LEAD-00900,201-1000,SaaS,Paid Ads,11,1,0,4,17,1,0,0
LEAD-00901,1-10,SaaS,Content/Webinar,8,4,0,3,21,0,0,1
LEAD-00902,1-10,Finance,Organic Search,5,1,0,5,165,0,0,0
LEAD-00903,1000+,SaaS,Paid Ads,2,0,1,2,115,0,0,0
LEAD-00904,1-10,Healthcare,Paid Ads,4,1,1,4,162,0,0,0
LEAD-00905,201-1000,SaaS,Paid Ads,5,1,0,6,29,1,0,1
LEAD-00906,11-50,Finance,Content/Webinar,9,0,1,2,68,0,1,0
LEAD-00907,1-10,Manufacturing,Paid Ads,9,0,0,4,11,0,0,1
LEAD-00908,201-1000,Finance,Content/Webinar,5,1,0,5,82,0,0,1
LEAD-00909,11-50,Finance,Referral,8,1,0,7,128,0,1,1
LEAD-00910,11-50,SaaS,Paid Ads,5,1,0,2,117,0,0,0
LEAD-00911,11-50,SaaS,Content/Webinar,8,0,0,4,96,1,1,0
LEAD-00912,51-200,Finance,Organic Search,1,1,1,3,74,1,0,0
LEAD-00913,1-10,E-commerce,Organic Search,5,2,1,3,108,0,0,1
LEAD-00914,11-50,E-commerce,Paid Ads,6,0,0,7,162,0,0,0
LEAD-00915,1000+,SaaS,Organic Search,4,1,0,8,161,0,0,0
LEAD-00916,11-50,SaaS,Organic Search,6,2,0,2,138,0,0,0
LEAD-00917,51-200,SaaS,Referral,8,3,0,10,60,0,0,0
LEAD-00918,11-50,Manufacturing,Paid Ads,6,2,0,4,26,1,0,1
LEAD-00919,51-200,SaaS,Paid Ads,8,2,0,6,106,1,0,0
LEAD-00920,1-10,Healthcare,Cold Outreach,8,0,0,3,25,0,0,0
LEAD-00921,1000+,SaaS,Referral,10,1,0,2,2,1,0,1
LEAD-00922,11-50,Finance,Content/Webinar,6,1,1,3,90,0,1,1
LEAD-00923,1-10,E-commerce,Organic Search,7,0,0,6,84,0,0,0
LEAD-00924,1-10,Manufacturing,Referral,6,3,0,3,3,1,0,1
LEAD-00925,1-10,Manufacturing,Content/Webinar,11,1,0,6,32,1,0,1
LEAD-00926,11-50,E-commerce,Referral,8,2,1,4,1,0,1,1
LEAD-00927,11-50,Other,Referral,9,0,1,1,24,1,1,1
LEAD-00928,201-1000,Other,Paid Ads,4,0,0,6,50,0,1,0
LEAD-00929,11-50,Manufacturing,Organic Search,6,3,1,4,171,1,0,1
LEAD-00930,1-10,Manufacturing,Paid Ads,10,3,0,1,44,1,1,1
LEAD-00931,51-200,SaaS,Paid Ads,3,3,0,2,33,0,0,0
LEAD-00932,51-200,Healthcare,Content/Webinar,8,4,0,6,38,0,0,0
LEAD-00933,1-10,SaaS,Organic Search,3,1,0,4,112,0,1,0
LEAD-00934,1-10,SaaS,Cold Outreach,4,0,1,6,52,0,0,0
LEAD-00935,1-10,Other,Cold Outreach,4,0,0,3,35,0,0,0
LEAD-00936,51-200,E-commerce,Organic Search,4,0,0,3,17,1,1,1
LEAD-00937,51-200,Finance,Paid Ads,6,3,0,4,58,0,0,0
LEAD-00938,11-50,Manufacturing,Content/Webinar,4,0,0,2,48,0,1,1
LEAD-00939,201-1000,Manufacturing,Cold Outreach,8,0,0,3,43,0,0,0
LEAD-00940,201-1000,Other,Paid Ads,11,0,1,1,48,1,0,1
LEAD-00941,51-200,SaaS,Paid Ads,2,0,1,3,44,0,0,0
LEAD-00942,201-1000,SaaS,Paid Ads,4,1,0,4,33,0,0,0
LEAD-00943,1-10,E-commerce,Referral,6,2,0,1,87,1,0,0
LEAD-00944,1-10,SaaS,Organic Search,12,2,0,3,83,0,0,0
LEAD-00945,11-50,SaaS,Referral,3,0,0,1,130,0,0,0
LEAD-00946,1-10,E-commerce,Organic Search,7,0,1,4,138,1,0,0
LEAD-00947,11-50,Finance,Organic Search,11,0,0,4,83,0,0,0
LEAD-00948,201-1000,Healthcare,Paid Ads,7,1,1,8,156,0,1,1
LEAD-00949,1-10,E-commerce,Paid Ads,6,1,1,5,175,0,0,0
LEAD-00950,1-10,Finance,Paid Ads,4,1,0,5,136,0,0,0
LEAD-00951,11-50,SaaS,Paid Ads,4,1,0,3,107,0,0,1
LEAD-00952,201-1000,SaaS,Paid Ads,8,0,1,5,151,0,0,0
LEAD-00953,11-50,Finance,Organic Search,5,2,0,5,176,0,0,0
LEAD-00954,11-50,Healthcare,Paid Ads,4,2,0,2,109,1,0,0
LEAD-00955,1-10,Finance,Cold Outreach,2,2,1,3,92,1,1,1
LEAD-00956,1-10,SaaS,Paid Ads,5,1,0,3,63,0,1,0
LEAD-00957,1000+,Manufacturing,Paid Ads,5,6,0,5,77,0,0,0
LEAD-00958,1000+,Healthcare,Referral,5,1,0,3,37,0,0,1
LEAD-00959,1-10,Healthcare,Cold Outreach,7,6,1,4,12,0,1,1
LEAD-00960,1000+,Healthcare,Organic Search,0,0,0,4,74,0,0,0
LEAD-00961,51-200,Manufacturing,Referral,3,0,0,4,115,0,0,0
LEAD-00962,201-1000,Healthcare,Referral,6,1,1,5,81,0,1,1
LEAD-00963,11-50,Healthcare,Referral,3,1,1,3,15,0,0,1
LEAD-00964,11-50,Other,Organic Search,9,2,1,3,80,0,1,1
LEAD-00965,11-50,Finance,Referral,3,2,1,5,84,0,1,0
LEAD-00966,51-200,E-commerce,Organic Search,4,2,1,7,119,0,0,0
LEAD-00967,1-10,Finance,Referral,11,0,0,7,10,0,1,1
LEAD-00968,1-10,E-commerce,Referral,1,0,0,4,42,0,0,0
LEAD-00969,11-50,SaaS,Organic Search,10,0,0,2,154,0,0,0
LEAD-00970,51-200,Healthcare,Content/Webinar,4,0,0,5,49,0,0,0
LEAD-00971,1-10,Other,Organic Search,10,0,0,5,151,0,0,0
LEAD-00972,51-200,Other,Content/Webinar,2,5,0,4,17,0,1,0
LEAD-00973,1000+,E-commerce,Paid Ads,5,1,1,4,162,0,0,0
LEAD-00974,1-10,Healthcare,Organic Search,5,3,0,5,105,0,0,0
LEAD-00975,51-200,SaaS,Organic Search,8,1,0,4,57,0,1,0
LEAD-00976,11-50,Other,Cold Outreach,4,0,1,1,86,1,1,0
LEAD-00977,201-1000,Other,Organic Search,2,2,1,4,132,0,0,0
LEAD-00978,1-10,Healthcare,Organic Search,6,2,1,3,69,1,0,1
LEAD-00979,51-200,Manufacturing,Paid Ads,7,0,0,6,95,1,0,1
LEAD-00980,201-1000,Finance,Referral,6,1,1,4,83,0,1,0
LEAD-00981,201-1000,Healthcare,Paid Ads,7,1,1,5,50,0,0,1
LEAD-00982,51-200,SaaS,Organic Search,3,0,1,4,126,0,1,0
LEAD-00983,11-50,E-commerce,Organic Search,5,1,0,2,67,0,0,1
LEAD-00984,51-200,Finance,Organic Search,10,2,0,3,88,0,0,0
LEAD-00985,201-1000,Finance,Organic Search,5,2,0,3,128,1,1,0
LEAD-00986,51-200,E-commerce,Paid Ads,8,3,0,5,113,0,1,1
LEAD-00987,1-10,Other,Referral,6,3,0,9,105,1,0,1
LEAD-00988,201-1000,SaaS,Organic Search,8,2,1,4,115,1,1,1
LEAD-00989,51-200,Healthcare,Paid Ads,6,1,0,5,63,0,0,0
LEAD-00990,51-200,Finance,Paid Ads,5,0,1,6,26,0,1,0
LEAD-00991,1-10,Finance,Cold Outreach,5,1,0,6,128,0,0,0
LEAD-00992,51-200,Healthcare,Cold Outreach,5,0,0,6,1,1,1,0
LEAD-00993,11-50,SaaS,Content/Webinar,5,1,1,4,94,1,0,1
LEAD-00994,51-200,SaaS,Organic Search,8,5,1,11,115,1,0,1
LEAD-00995,1-10,Healthcare,Organic Search,7,1,1,6,146,1,1,1
LEAD-00996,51-200,Healthcare,Paid Ads,4,1,1,3,12,0,1,1
LEAD-00997,1000+,SaaS,Organic Search,3,1,1,0,166,0,0,0
LEAD-00998,1-10,Finance,Paid Ads,3,0,0,8,42,1,0,0
LEAD-00999,1000+,E-commerce,Content/Webinar,7,1,0,1,164,1,1,1
LEAD-01000,11-50,Finance,Content/Webinar,2,2,0,6,16,0,1,0
LEAD-01001,201-1000,Manufacturing,Content/Webinar,9,0,0,2,67,0,1,0
LEAD-01002,51-200,SaaS,Paid Ads,6,1,0,3,167,1,0,0
LEAD-01003,51-200,SaaS,Referral,9,0,0,7,99,0,0,0
LEAD-01004,51-200,Finance,Paid Ads,10,1,0,4,59,0,0,0
LEAD-01005,201-1000,Healthcare,Organic Search,4,0,0,3,38,0,0,0
LEAD-01006,11-50,Finance,Referral,5,2,0,9,144,0,1,0
LEAD-01007,11-50,Manufacturing,Organic Search,7,1,1,2,139,0,1,0
LEAD-01008,51-200,Manufacturing,Paid Ads,4,1,0,2,28,0,0,0
LEAD-01009,201-1000,Other,Paid Ads,5,3,0,3,91,0,0,0
LEAD-01010,51-200,Healthcare,Referral,7,0,0,3,111,0,0,0
LEAD-01011,51-200,E-commerce,Content/Webinar,7,4,0,3,94,0,0,0
LEAD-01012,11-50,E-commerce,Paid Ads,5,4,1,6,77,0,1,1
LEAD-01013,201-1000,SaaS,Content/Webinar,10,0,0,6,80,0,1,0
LEAD-01014,1-10,Healthcare,Organic Search,6,3,0,10,130,0,1,0
LEAD-01015,11-50,SaaS,Paid Ads,7,1,0,2,148,0,0,0
LEAD-01016,1-10,Other,Referral,6,1,0,3,72,1,0,1
LEAD-01017,11-50,Healthcare,Referral,7,1,1,1,38,0,0,0
LEAD-01018,11-50,Healthcare,Cold Outreach,8,0,0,3,167,0,1,0
LEAD-01019,11-50,E-commerce,Organic Search,5,1,0,3,31,0,0,0
LEAD-01020,51-200,SaaS,Referral,5,3,0,5,80,1,1,1
LEAD-01021,11-50,SaaS,Referral,5,1,1,3,151,0,1,1
LEAD-01022,11-50,E-commerce,Cold Outreach,9,2,1,3,162,0,1,0
LEAD-01023,1-10,SaaS,Organic Search,3,1,0,2,96,0,0,0
LEAD-01024,11-50,Healthcare,Content/Webinar,2,2,0,3,17,0,0,1
LEAD-01025,1-10,Manufacturing,Referral,7,3,1,2,107,0,1,1
LEAD-01026,1-10,Manufacturing,Organic Search,3,3,1,7,24,0,0,1
LEAD-01027,51-200,Finance,Paid Ads,3,1,0,2,163,0,1,0
LEAD-01028,51-200,SaaS,Paid Ads,5,1,0,7,118,0,1,0
LEAD-01029,51-200,Manufacturing,Referral,5,2,1,5,151,0,0,0
LEAD-01030,11-50,Manufacturing,Content/Webinar,2,1,1,5,136,0,1,1
LEAD-01031,11-50,SaaS,Referral,7,4,0,2,87,0,1,1
LEAD-01032,201-1000,Finance,Referral,5,1,0,1,149,0,1,0
LEAD-01033,11-50,SaaS,Paid Ads,12,1,0,6,19,0,1,0
LEAD-01034,11-50,Manufacturing,Organic Search,5,1,0,5,159,0,0,0
LEAD-01035,1-10,Other,Organic Search,6,1,0,4,50,0,0,1
LEAD-01036,11-50,SaaS,Paid Ads,10,2,0,5,71,0,0,0
LEAD-01037,11-50,Manufacturing,Paid Ads,1,1,0,5,112,0,1,0
LEAD-01038,11-50,Healthcare,Organic Search,11,1,0,4,24,0,0,1
LEAD-01039,51-200,Other,Paid Ads,6,1,1,2,46,0,0,0
LEAD-01040,11-50,E-commerce,Paid Ads,5,0,1,4,136,1,0,0
LEAD-01041,51-200,Manufacturing,Organic Search,7,1,0,5,77,1,0,1
LEAD-01042,51-200,SaaS,Paid Ads,7,0,0,4,3,1,0,0
LEAD-01043,201-1000,E-commerce,Organic Search,5,0,0,4,162,1,1,0
LEAD-01044,51-200,SaaS,Cold Outreach,8,1,0,2,77,0,0,0
LEAD-01045,1000+,Other,Content/Webinar,6,3,1,2,118,0,1,1
LEAD-01046,1-10,Manufacturing,Referral,5,0,1,3,58,0,1,1
LEAD-01047,1-10,Manufacturing,Organic Search,7,2,1,5,163,0,1,0
LEAD-01048,1-10,Other,Content/Webinar,3,1,0,1,21,0,0,0
LEAD-01049,51-200,SaaS,Content/Webinar,6,1,0,3,65,1,1,1
LEAD-01050,201-1000,E-commerce,Content/Webinar,5,4,0,5,66,1,0,1
LEAD-01051,1-10,SaaS,Organic Search,14,4,0,1,42,0,1,1
LEAD-01052,201-1000,SaaS,Referral,5,0,0,3,43,1,0,1
LEAD-01053,1-10,SaaS,Content/Webinar,13,0,0,6,26,0,1,0
LEAD-01054,201-1000,E-commerce,Referral,6,1,1,1,154,1,0,1
LEAD-01055,11-50,SaaS,Referral,2,0,1,3,136,0,0,0
LEAD-01056,1-10,SaaS,Paid Ads,4,2,1,4,175,0,1,0
LEAD-01057,11-50,SaaS,Paid Ads,4,1,0,1,165,0,0,0
LEAD-01058,11-50,SaaS,Organic Search,5,0,1,7,82,1,1,1
LEAD-01059,11-50,Other,Referral,3,1,1,4,146,1,0,0
LEAD-01060,11-50,Finance,Organic Search,10,3,0,1,164,0,0,0
LEAD-01061,201-1000,Other,Paid Ads,5,1,0,8,104,0,1,0
LEAD-01062,11-50,E-commerce,Organic Search,4,0,0,3,130,1,0,0
LEAD-01063,11-50,SaaS,Paid Ads,6,2,0,2,84,1,1,1
LEAD-01064,51-200,Finance,Organic Search,8,0,1,5,120,1,0,1
LEAD-01065,51-200,E-commerce,Referral,6,4,1,3,3,0,0,1
LEAD-01066,11-50,SaaS,Content/Webinar,7,0,1,11,104,0,0,0
LEAD-01067,11-50,SaaS,Organic Search,3,1,1,6,108,1,0,0
LEAD-01068,1-10,SaaS,Organic Search,10,0,0,3,34,0,0,0
LEAD-01069,1-10,SaaS,Organic Search,7,2,0,3,126,0,0,0
LEAD-01070,51-200,E-commerce,Content/Webinar,10,2,1,6,113,0,0,1
LEAD-01071,1-10,Finance,Paid Ads,3,0,0,2,110,0,0,0
LEAD-01072,11-50,SaaS,Paid Ads,3,0,0,3,174,1,0,0
LEAD-01073,51-200,SaaS,Organic Search,5,1,1,7,70,0,0,1
LEAD-01074,1-10,Manufacturing,Referral,8,2,1,4,138,0,0,0
LEAD-01075,51-200,SaaS,Content/Webinar,4,0,0,7,88,0,1,1
LEAD-01076,11-50,E-commerce,Content/Webinar,11,0,0,5,18,0,1,0
LEAD-01077,1000+,Manufacturing,Referral,4,0,0,2,161,1,1,1
LEAD-01078,11-50,SaaS,Organic Search,11,0,0,3,135,0,0,0
LEAD-01079,201-1000,SaaS,Organic Search,2,1,1,5,45,0,1,1
LEAD-01080,51-200,E-commerce,Organic Search,4,3,0,7,112,0,0,0
LEAD-01081,1-10,E-commerce,Organic Search,3,2,1,5,157,0,0,0
LEAD-01082,51-200,Healthcare,Organic Search,2,3,0,9,83,1,0,0
LEAD-01083,1000+,Manufacturing,Organic Search,8,1,0,2,166,1,0,0
LEAD-01084,51-200,SaaS,Paid Ads,3,2,1,5,39,0,1,1
LEAD-01085,201-1000,Healthcare,Cold Outreach,11,0,1,5,153,1,1,1
LEAD-01086,201-1000,Healthcare,Referral,4,2,1,6,145,0,0,0
LEAD-01087,1-10,SaaS,Content/Webinar,6,2,1,0,61,0,0,1
LEAD-01088,1-10,Healthcare,Referral,3,0,1,5,51,1,0,0
LEAD-01089,51-200,SaaS,Organic Search,7,0,0,3,37,0,0,0
LEAD-01090,11-50,E-commerce,Referral,3,1,0,3,67,1,1,0
LEAD-01091,201-1000,SaaS,Organic Search,3,1,0,3,24,0,0,0
LEAD-01092,201-1000,E-commerce,Referral,5,0,1,6,122,1,1,1
LEAD-01093,11-50,E-commerce,Paid Ads,13,0,1,3,49,1,0,1
LEAD-01094,1-10,Manufacturing,Cold Outreach,6,1,1,3,149,0,1,0
LEAD-01095,51-200,SaaS,Organic Search,5,1,1,5,169,0,1,0
LEAD-01096,11-50,E-commerce,Organic Search,7,1,0,2,145,1,0,0
LEAD-01097,201-1000,E-commerce,Cold Outreach,13,2,1,2,109,1,0,0
LEAD-01098,11-50,Finance,Organic Search,6,2,0,2,102,0,0,0
LEAD-01099,51-200,Healthcare,Referral,6,2,0,3,149,0,0,0
LEAD-01100,1-10,Finance,Referral,2,2,0,3,68,0,1,1
LEAD-01101,51-200,Finance,Content/Webinar,7,1,0,7,44,1,0,0
LEAD-01102,11-50,Manufacturing,Cold Outreach,3,1,0,4,124,0,0,0
LEAD-01103,51-200,E-commerce,Cold Outreach,5,3,0,3,28,1,0,1
LEAD-01104,1-10,Healthcare,Organic Search,9,2,1,3,36,0,0,1
LEAD-01105,51-200,Manufacturing,Content/Webinar,5,0,1,4,165,0,1,1
LEAD-01106,201-1000,Other,Referral,6,2,0,4,127,0,1,1
LEAD-01107,1-10,Manufacturing,Referral,3,2,1,3,44,0,0,0
LEAD-01108,1-10,E-commerce,Organic Search,6,1,0,1,50,0,1,0
LEAD-01109,1-10,SaaS,Referral,7,1,0,4,113,0,0,0
LEAD-01110,51-200,E-commerce,Cold Outreach,5,3,1,0,88,0,1,1
LEAD-01111,51-200,Finance,Cold Outreach,5,0,1,4,138,0,0,0
LEAD-01112,11-50,E-commerce,Paid Ads,4,0,1,6,38,0,1,1
LEAD-01113,1-10,E-commerce,Organic Search,12,3,0,1,49,1,0,0
LEAD-01114,11-50,Manufacturing,Paid Ads,5,2,0,4,72,0,0,0
LEAD-01115,51-200,E-commerce,Content/Webinar,3,2,0,1,2,0,1,0
LEAD-01116,11-50,Manufacturing,Referral,7,0,0,5,44,0,0,0
LEAD-01117,1000+,E-commerce,Paid Ads,0,0,1,3,35,0,1,1
LEAD-01118,1-10,E-commerce,Organic Search,3,0,0,5,116,1,1,1
LEAD-01119,51-200,E-commerce,Paid Ads,12,1,0,6,149,1,1,0
LEAD-01120,11-50,Finance,Paid Ads,4,1,0,4,57,1,0,0
LEAD-01121,11-50,SaaS,Cold Outreach,8,2,0,7,91,0,1,1
LEAD-01122,51-200,SaaS,Referral,7,0,0,2,23,0,1,0
LEAD-01123,51-200,Other,Paid Ads,6,0,1,5,32,0,0,0
LEAD-01124,1000+,SaaS,Paid Ads,8,2,0,4,71,1,0,1
LEAD-01125,1-10,Healthcare,Organic Search,7,2,1,3,161,0,1,1
LEAD-01126,1-10,Healthcare,Cold Outreach,5,0,0,4,17,0,0,0
LEAD-01127,51-200,E-commerce,Paid Ads,5,1,1,6,127,0,0,1
LEAD-01128,51-200,Healthcare,Paid Ads,4,3,0,5,170,0,1,0
LEAD-01129,11-50,SaaS,Paid Ads,7,2,0,4,17,0,0,1
LEAD-01130,1-10,Healthcare,Referral,3,2,0,1,48,0,0,0
LEAD-01131,1-10,E-commerce,Referral,6,2,0,4,176,1,0,0
LEAD-01132,201-1000,Finance,Referral,3,1,0,4,57,0,1,0
LEAD-01133,1-10,SaaS,Organic Search,6,1,0,5,103,0,0,0
LEAD-01134,11-50,Healthcare,Paid Ads,6,1,1,5,44,0,1,1
LEAD-01135,1-10,SaaS,Organic Search,4,4,0,6,151,0,1,0
LEAD-01136,11-50,SaaS,Referral,4,1,0,3,122,0,0,0
LEAD-01137,1-10,SaaS,Organic Search,13,2,0,8,53,1,1,1
LEAD-01138,11-50,SaaS,Referral,9,3,0,5,33,0,1,1
LEAD-01139,1-10,Manufacturing,Content/Webinar,9,1,1,5,56,0,0,1
LEAD-01140,201-1000,SaaS,Content/Webinar,2,2,1,3,28,0,0,1
LEAD-01141,1-10,Other,Paid Ads,6,1,0,3,151,0,1,0
LEAD-01142,11-50,Other,Paid Ads,2,0,0,4,63,0,0,0
LEAD-01143,201-1000,Healthcare,Organic Search,3,0,0,3,7,0,0,0
LEAD-01144,51-200,SaaS,Referral,10,2,0,2,111,0,0,1
LEAD-01145,11-50,E-commerce,Content/Webinar,7,0,0,3,130,1,1,0
LEAD-01146,11-50,Finance,Organic Search,3,2,0,6,132,0,0,0
LEAD-01147,11-50,E-commerce,Paid Ads,7,0,0,4,8,1,1,1
LEAD-01148,51-200,SaaS,Content/Webinar,6,0,1,5,126,0,0,0
LEAD-01149,1000+,Healthcare,Content/Webinar,9,1,0,8,49,1,0,1
LEAD-01150,51-200,Manufacturing,Organic Search,7,1,0,2,29,0,1,0
LEAD-01151,51-200,Finance,Referral,5,1,0,8,82,0,0,0
LEAD-01152,51-200,SaaS,Organic Search,9,2,1,6,55,1,0,1
LEAD-01153,11-50,Finance,Organic Search,3,0,1,7,165,0,0,0
LEAD-01154,1-10,SaaS,Cold Outreach,3,2,0,3,95,0,0,0
LEAD-01155,51-200,SaaS,Content/Webinar,6,2,1,1,6,0,0,0
LEAD-01156,1000+,Manufacturing,Content/Webinar,8,0,0,7,152,0,0,1
LEAD-01157,1-10,SaaS,Organic Search,5,0,1,3,112,1,0,0
LEAD-01158,51-200,SaaS,Content/Webinar,6,1,0,3,105,1,0,0
LEAD-01159,1-10,SaaS,Paid Ads,9,1,0,2,40,0,0,0
LEAD-01160,11-50,Manufacturing,Paid Ads,6,2,0,4,12,0,1,1
LEAD-01161,1-10,Finance,Paid Ads,6,1,0,3,64,0,0,0
LEAD-01162,11-50,Healthcare,Organic Search,5,1,0,2,46,0,1,0
LEAD-01163,51-200,Finance,Content/Webinar,8,0,0,6,14,0,1,1
LEAD-01164,11-50,SaaS,Referral,5,0,1,4,155,0,0,0
LEAD-01165,51-200,E-commerce,Organic Search,4,2,1,2,116,0,0,0
LEAD-01166,51-200,E-commerce,Organic Search,10,0,0,2,37,0,0,1
LEAD-01167,201-1000,SaaS,Organic Search,4,0,0,7,110,0,1,0
LEAD-01168,1-10,E-commerce,Organic Search,7,1,0,3,62,1,0,1
LEAD-01169,11-50,Other,Referral,11,1,1,7,67,1,0,1
LEAD-01170,1-10,SaaS,Content/Webinar,8,1,0,3,80,0,0,0
LEAD-01171,1000+,SaaS,Organic Search,10,2,0,3,76,1,0,1
LEAD-01172,201-1000,SaaS,Organic Search,7,2,0,0,14,1,1,1
LEAD-01173,11-50,SaaS,Referral,7,3,0,6,98,0,0,0
LEAD-01174,201-1000,Other,Content/Webinar,12,0,0,2,167,1,0,1
LEAD-01175,11-50,E-commerce,Paid Ads,11,2,0,2,133,0,1,1
LEAD-01176,51-200,E-commerce,Paid Ads,5,1,1,5,76,0,1,1
LEAD-01177,1-10,Finance,Referral,6,2,0,4,26,0,0,0
LEAD-01178,51-200,SaaS,Organic Search,5,1,1,5,81,1,1,1
LEAD-01179,1-10,E-commerce,Organic Search,7,0,0,4,108,0,1,1
LEAD-01180,201-1000,E-commerce,Referral,6,0,1,7,53,0,1,1
LEAD-01181,51-200,Healthcare,Referral,4,2,0,2,63,1,1,1
LEAD-01182,51-200,Other,Referral,7,1,1,4,11,0,1,1
LEAD-01183,1-10,Finance,Referral,4,1,0,2,33,0,1,0
LEAD-01184,11-50,E-commerce,Referral,6,0,1,6,41,1,1,1
LEAD-01185,11-50,Manufacturing,Organic Search,9,0,0,10,40,1,0,0
LEAD-01186,11-50,SaaS,Paid Ads,3,2,0,2,174,0,1,0
LEAD-01187,1-10,SaaS,Organic Search,8,0,0,3,4,0,1,0
LEAD-01188,201-1000,SaaS,Organic Search,6,2,1,7,11,0,0,0
LEAD-01189,51-200,E-commerce,Referral,7,0,0,1,155,0,0,0
LEAD-01190,11-50,Healthcare,Content/Webinar,5,0,1,11,8,0,1,1
LEAD-01191,11-50,Healthcare,Cold Outreach,6,2,0,4,149,0,1,0
LEAD-01192,11-50,Other,Referral,4,0,0,4,127,0,1,0
LEAD-01193,51-200,Healthcare,Organic Search,10,2,0,6,127,1,0,0
LEAD-01194,11-50,Healthcare,Organic Search,8,2,1,4,5,1,0,1
LEAD-01195,201-1000,SaaS,Content/Webinar,6,2,0,3,32,1,1,1
LEAD-01196,11-50,SaaS,Referral,8,1,0,5,89,1,0,1
LEAD-01197,1000+,Healthcare,Referral,4,3,1,5,58,0,1,1
LEAD-01198,201-1000,E-commerce,Content/Webinar,2,1,0,7,72,0,1,0
LEAD-01199,1-10,Manufacturing,Referral,4,0,0,5,155,0,0,0
LEAD-01200,201-1000,SaaS,Content/Webinar,11,0,0,5,26,0,0,1
LEAD-01201,1-10,SaaS,Organic Search,6,0,0,6,168,0,0,0
LEAD-01202,201-1000,E-commerce,Referral,10,0,1,2,29,0,1,1
LEAD-01203,11-50,SaaS,Content/Webinar,8,2,0,5,82,0,0,0
LEAD-01204,201-1000,SaaS,Organic Search,5,2,0,5,7,0,1,0
LEAD-01205,201-1000,Finance,Referral,6,2,1,5,106,0,1,1
LEAD-01206,201-1000,SaaS,Paid Ads,4,1,1,5,21,0,0,1
LEAD-01207,51-200,Healthcare,Cold Outreach,8,0,0,5,96,1,0,0
LEAD-01208,11-50,SaaS,Organic Search,3,0,1,3,10,0,1,0
LEAD-01209,1-10,SaaS,Referral,1,3,0,3,62,0,0,0
LEAD-01210,11-50,E-commerce,Organic Search,3,0,1,4,136,1,0,1
LEAD-01211,1-10,Manufacturing,Referral,5,1,1,1,114,0,0,1
LEAD-01212,51-200,E-commerce,Organic Search,5,0,1,6,4,1,1,1
LEAD-01213,11-50,Finance,Organic Search,9,1,1,1,157,0,0,0
LEAD-01214,1000+,SaaS,Paid Ads,5,0,0,1,140,1,0,0
LEAD-01215,51-200,Finance,Cold Outreach,7,3,0,3,100,1,1,0
LEAD-01216,201-1000,SaaS,Organic Search,5,1,0,4,179,1,0,0
LEAD-01217,1-10,Finance,Organic Search,5,4,0,2,19,0,0,0
LEAD-01218,201-1000,Healthcare,Content/Webinar,9,2,0,3,111,1,0,0
LEAD-01219,201-1000,Other,Paid Ads,7,0,1,4,31,1,0,1
LEAD-01220,11-50,E-commerce,Cold Outreach,5,4,0,5,108,0,1,0
LEAD-01221,51-200,SaaS,Organic Search,8,1,0,4,26,0,1,0
LEAD-01222,51-200,SaaS,Referral,12,1,0,4,109,1,0,0
LEAD-01223,1-10,Manufacturing,Organic Search,5,1,0,5,134,0,0,0
LEAD-01224,11-50,Healthcare,Organic Search,3,1,1,6,29,1,1,0
LEAD-01225,11-50,Finance,Referral,4,0,0,4,17,0,1,1
LEAD-01226,1-10,SaaS,Referral,10,1,1,2,148,0,0,0
LEAD-01227,11-50,E-commerce,Content/Webinar,6,0,0,5,170,1,1,0
LEAD-01228,1-10,SaaS,Paid Ads,7,3,1,5,110,0,1,0
LEAD-01229,1-10,Other,Paid Ads,4,0,0,3,175,1,0,0
LEAD-01230,1-10,Finance,Paid Ads,8,3,0,3,74,0,0,0
LEAD-01231,1000+,Other,Cold Outreach,5,0,1,3,96,0,0,0
LEAD-01232,11-50,SaaS,Organic Search,2,0,0,2,2,1,1,1
LEAD-01233,1000+,Healthcare,Organic Search,3,1,0,3,37,1,0,1
LEAD-01234,11-50,Finance,Paid Ads,3,1,0,5,91,0,1,0
LEAD-01235,11-50,E-commerce,Referral,6,1,0,5,147,0,0,0
LEAD-01236,11-50,Manufacturing,Organic Search,2,1,0,0,41,1,0,0
LEAD-01237,11-50,Other,Cold Outreach,5,2,1,4,144,1,1,1
LEAD-01238,1-10,Manufacturing,Organic Search,4,5,0,1,115,0,0,0
LEAD-01239,51-200,Finance,Content/Webinar,6,0,0,5,64,0,1,0
LEAD-01240,1-10,SaaS,Organic Search,4,2,0,6,5,1,1,1
LEAD-01241,51-200,SaaS,Referral,5,1,0,4,146,0,1,0
LEAD-01242,51-200,Other,Cold Outreach,5,3,1,0,72,0,0,0
LEAD-01243,1-10,SaaS,Organic Search,6,1,1,5,141,0,0,0
LEAD-01244,1-10,Finance,Cold Outreach,3,1,1,4,105,0,1,0
LEAD-01245,51-200,Finance,Paid Ads,8,1,1,2,74,0,0,1
LEAD-01246,11-50,Healthcare,Cold Outreach,2,2,1,4,36,1,0,1
LEAD-01247,1-10,Other,Referral,12,0,0,2,147,0,1,0
LEAD-01248,1000+,E-commerce,Paid Ads,8,2,1,5,159,0,0,1
LEAD-01249,1-10,E-commerce,Organic Search,6,1,0,5,93,1,0,0
LEAD-01250,51-200,SaaS,Paid Ads,4,2,1,4,109,0,0,1
LEAD-01251,1000+,E-commerce,Organic Search,6,4,0,5,23,0,0,0
LEAD-01252,1-10,SaaS,Organic Search,3,1,0,2,160,0,0,0
LEAD-01253,1-10,E-commerce,Organic Search,4,0,1,10,113,0,1,0
LEAD-01254,1-10,Manufacturing,Paid Ads,5,2,0,3,11,0,0,0
LEAD-01255,11-50,Other,Content/Webinar,6,1,0,1,133,0,0,0
LEAD-01256,1-10,SaaS,Organic Search,8,1,0,7,95,0,1,1
LEAD-01257,51-200,E-commerce,Organic Search,4,0,1,3,13,0,1,1
LEAD-01258,1-10,Other,Referral,5,3,0,0,86,0,1,0
LEAD-01259,11-50,SaaS,Organic Search,5,1,0,7,35,0,0,0
LEAD-01260,1000+,SaaS,Organic Search,7,0,1,4,83,1,0,1
LEAD-01261,201-1000,SaaS,Organic Search,5,1,0,2,29,0,0,0
LEAD-01262,51-200,Healthcare,Cold Outreach,7,6,1,4,151,1,1,1
LEAD-01263,11-50,SaaS,Content/Webinar,4,1,1,5,83,0,0,0
LEAD-01264,51-200,Other,Paid Ads,12,1,0,4,80,1,0,1
LEAD-01265,11-50,E-commerce,Referral,3,0,0,4,95,0,1,0
LEAD-01266,11-50,Healthcare,Paid Ads,0,1,1,1,144,0,1,0
LEAD-01267,1-10,SaaS,Referral,10,2,0,3,154,0,1,0
LEAD-01268,201-1000,E-commerce,Referral,14,2,1,4,3,1,0,1
LEAD-01269,11-50,Finance,Referral,6,2,1,3,122,1,0,0
LEAD-01270,1-10,Finance,Organic Search,5,0,0,4,124,0,0,0
LEAD-01271,11-50,Finance,Organic Search,3,0,0,0,23,0,0,0
LEAD-01272,11-50,Healthcare,Paid Ads,3,0,1,5,137,1,1,1
LEAD-01273,201-1000,Other,Content/Webinar,7,0,1,3,179,0,0,0
LEAD-01274,51-200,Manufacturing,Referral,6,1,0,7,33,1,1,1
LEAD-01275,51-200,Finance,Content/Webinar,5,1,0,3,92,0,0,0
LEAD-01276,1-10,SaaS,Cold Outreach,4,1,0,3,24,0,1,0
LEAD-01277,11-50,SaaS,Organic Search,6,2,1,6,107,1,0,1
LEAD-01278,11-50,SaaS,Referral,10,1,0,4,50,1,1,0
LEAD-01279,1-10,Finance,Referral,3,0,0,2,52,0,1,0
LEAD-01280,11-50,E-commerce,Cold Outreach,2,2,0,3,38,0,0,0
LEAD-01281,51-200,E-commerce,Cold Outreach,5,3,0,7,44,0,1,0
LEAD-01282,1-10,Manufacturing,Referral,7,0,0,1,89,0,0,0
LEAD-01283,11-50,Manufacturing,Organic Search,7,1,1,6,126,1,1,1
LEAD-01284,1-10,Other,Content/Webinar,10,3,1,7,56,0,0,1
LEAD-01285,1-10,E-commerce,Organic Search,7,3,1,6,45,1,0,1
LEAD-01286,1-10,Finance,Content/Webinar,8,3,1,5,129,1,0,1
LEAD-01287,1000+,SaaS,Cold Outreach,8,4,0,8,87,0,0,1
LEAD-01288,201-1000,SaaS,Paid Ads,7,0,0,3,116,0,0,0
LEAD-01289,1000+,SaaS,Referral,3,3,1,2,64,0,1,1
LEAD-01290,11-50,E-commerce,Paid Ads,7,0,0,3,136,1,1,1
LEAD-01291,1-10,E-commerce,Paid Ads,6,1,0,3,171,0,1,0
LEAD-01292,11-50,Manufacturing,Paid Ads,5,0,0,3,136,0,0,0
LEAD-01293,11-50,SaaS,Content/Webinar,9,0,0,3,29,0,1,1
LEAD-01294,201-1000,Finance,Cold Outreach,4,1,0,5,13,0,1,1
LEAD-01295,1-10,Healthcare,Cold Outreach,9,0,1,1,129,1,1,1
LEAD-01296,11-50,SaaS,Organic Search,5,2,1,4,29,0,0,0
LEAD-01297,1-10,E-commerce,Content/Webinar,5,2,1,2,178,0,1,0
LEAD-01298,11-50,SaaS,Referral,9,0,0,3,37,1,0,0
LEAD-01299,51-200,Healthcare,Organic Search,7,1,1,4,1,0,1,1
LEAD-01300,11-50,E-commerce,Organic Search,4,1,0,8,108,1,0,0
LEAD-01301,11-50,SaaS,Organic Search,9,1,0,2,69,0,0,0
LEAD-01302,11-50,SaaS,Cold Outreach,6,1,0,4,117,0,1,0
LEAD-01303,11-50,Healthcare,Referral,4,1,0,4,176,1,0,0
LEAD-01304,51-200,Other,Referral,5,0,1,6,111,0,0,1
LEAD-01305,201-1000,E-commerce,Organic Search,4,0,0,5,63,0,0,0
LEAD-01306,1000+,Finance,Referral,10,1,0,2,22,0,0,1
LEAD-01307,51-200,Finance,Organic Search,5,3,1,4,94,0,1,0
LEAD-01308,11-50,Other,Paid Ads,7,3,1,5,11,1,0,1
LEAD-01309,51-200,Manufacturing,Referral,6,4,0,2,29,0,0,1
LEAD-01310,11-50,Healthcare,Organic Search,3,1,1,4,106,1,1,0
LEAD-01311,11-50,Finance,Content/Webinar,6,0,1,7,3,0,0,1
LEAD-01312,201-1000,Manufacturing,Organic Search,8,2,0,3,173,0,0,0
LEAD-01313,1-10,E-commerce,Referral,9,1,1,2,3,0,1,1
LEAD-01314,201-1000,E-commerce,Paid Ads,13,3,1,5,74,0,1,1
LEAD-01315,11-50,SaaS,Referral,5,1,0,3,14,0,0,0
LEAD-01316,51-200,Manufacturing,Organic Search,7,2,0,4,81,0,0,0
LEAD-01317,51-200,Manufacturing,Organic Search,6,0,0,3,65,0,1,0
LEAD-01318,201-1000,SaaS,Cold Outreach,7,0,0,3,143,0,0,0
LEAD-01319,51-200,Healthcare,Organic Search,4,2,1,8,117,0,0,0
LEAD-01320,51-200,E-commerce,Content/Webinar,5,2,1,4,130,0,1,1
LEAD-01321,1-10,SaaS,Cold Outreach,10,1,0,4,82,1,0,0
LEAD-01322,11-50,Other,Organic Search,1,1,0,5,28,0,1,0
LEAD-01323,1-10,SaaS,Organic Search,7,3,1,2,94,0,0,1
LEAD-01324,51-200,SaaS,Referral,7,0,1,3,67,0,1,1
LEAD-01325,11-50,Healthcare,Cold Outreach,4,3,1,2,3,1,1,0
LEAD-01326,51-200,Finance,Cold Outreach,3,2,0,0,154,0,0,0
LEAD-01327,1-10,SaaS,Paid Ads,4,0,1,5,4,1,1,1
LEAD-01328,1-10,Finance,Content/Webinar,1,2,0,3,144,0,0,0
LEAD-01329,51-200,Healthcare,Organic Search,5,0,1,5,92,0,0,0
LEAD-01330,1-10,SaaS,Cold Outreach,4,0,0,4,72,0,1,0
LEAD-01331,1-10,SaaS,Cold Outreach,9,1,0,6,104,1,1,0
LEAD-01332,1-10,Healthcare,Organic Search,8,0,0,7,16,1,1,1
LEAD-01333,1000+,SaaS,Organic Search,4,0,0,4,31,1,1,1
LEAD-01334,51-200,Other,Organic Search,8,1,0,5,87,1,0,0
LEAD-01335,11-50,Manufacturing,Organic Search,1,2,1,1,130,0,0,0
LEAD-01336,11-50,Other,Content/Webinar,3,2,1,2,73,0,0,0
LEAD-01337,11-50,SaaS,Paid Ads,6,2,0,4,91,0,0,0
LEAD-01338,51-200,Other,Organic Search,8,2,0,9,173,1,1,1
LEAD-01339,51-200,E-commerce,Paid Ads,6,1,0,3,54,0,1,0
LEAD-01340,1-10,E-commerce,Cold Outreach,7,3,0,4,150,0,1,0
LEAD-01341,1-10,SaaS,Referral,5,0,0,7,162,0,1,0
LEAD-01342,1-10,SaaS,Paid Ads,4,1,0,3,73,1,0,1
LEAD-01343,51-200,Finance,Organic Search,4,3,0,5,128,0,1,0
LEAD-01344,51-200,E-commerce,Cold Outreach,7,1,0,1,162,0,0,0
LEAD-01345,11-50,SaaS,Content/Webinar,4,1,0,2,99,0,1,0
LEAD-01346,1-10,Healthcare,Organic Search,4,3,0,1,154,0,0,0
LEAD-01347,1-10,SaaS,Organic Search,8,0,0,5,173,0,1,0
LEAD-01348,1000+,Healthcare,Organic Search,6,0,0,2,76,0,1,0
LEAD-01349,11-50,E-commerce,Organic Search,6,0,0,6,149,0,1,0
LEAD-01350,51-200,Manufacturing,Referral,5,1,0,3,171,0,1,0
LEAD-01351,51-200,Manufacturing,Cold Outreach,6,2,1,5,86,1,1,0
LEAD-01352,11-50,E-commerce,Paid Ads,6,1,0,4,39,0,1,0
LEAD-01353,1-10,E-commerce,Content/Webinar,4,1,1,2,141,1,1,1
LEAD-01354,1-10,E-commerce,Paid Ads,2,1,0,3,170,0,1,0
LEAD-01355,51-200,Manufacturing,Referral,6,1,1,3,45,1,0,1
LEAD-01356,51-200,E-commerce,Referral,6,2,1,1,87,1,1,1
LEAD-01357,51-200,SaaS,Organic Search,4,1,0,5,179,0,0,0
LEAD-01358,11-50,SaaS,Paid Ads,4,1,0,2,119,0,0,0
LEAD-01359,1-10,E-commerce,Referral,4,0,0,5,17,1,0,1
LEAD-01360,1000+,E-commerce,Organic Search,8,4,1,3,84,0,0,1
LEAD-01361,51-200,Manufacturing,Paid Ads,5,0,1,4,135,0,0,1
LEAD-01362,11-50,SaaS,Paid Ads,5,0,1,3,132,0,1,0
LEAD-01363,1000+,E-commerce,Cold Outreach,4,2,0,5,31,0,1,1
LEAD-01364,51-200,Manufacturing,Paid Ads,5,3,0,6,94,1,0,1
LEAD-01365,51-200,Manufacturing,Content/Webinar,5,0,0,7,95,1,1,0
LEAD-01366,51-200,E-commerce,Paid Ads,6,2,0,4,132,0,0,0
LEAD-01367,201-1000,E-commerce,Content/Webinar,7,3,0,3,82,0,0,1
LEAD-01368,51-200,E-commerce,Referral,8,0,1,1,84,0,0,0
LEAD-01369,1-10,Other,Content/Webinar,8,0,0,1,40,0,1,0
LEAD-01370,11-50,SaaS,Paid Ads,12,0,0,3,104,0,1,1
LEAD-01371,201-1000,Other,Referral,4,1,1,4,112,0,1,1
LEAD-01372,1-10,Finance,Referral,2,1,1,6,47,1,0,1
LEAD-01373,11-50,Healthcare,Paid Ads,4,0,1,2,50,0,0,0
LEAD-01374,11-50,SaaS,Organic Search,3,3,0,4,151,1,0,0
LEAD-01375,11-50,E-commerce,Organic Search,11,3,0,4,51,0,1,0
LEAD-01376,51-200,E-commerce,Organic Search,8,1,0,4,38,1,1,1
LEAD-01377,201-1000,SaaS,Content/Webinar,8,1,0,5,137,0,0,0
LEAD-01378,1-10,Finance,Organic Search,6,2,0,3,149,0,1,1
LEAD-01379,1-10,Other,Organic Search,11,1,0,1,9,0,1,1
LEAD-01380,1-10,Healthcare,Referral,3,0,0,4,116,0,1,0
LEAD-01381,201-1000,Finance,Paid Ads,3,2,1,6,25,0,1,1
LEAD-01382,51-200,SaaS,Paid Ads,2,3,1,4,113,0,0,0
LEAD-01383,11-50,E-commerce,Organic Search,6,0,0,10,36,1,1,1
LEAD-01384,201-1000,SaaS,Cold Outreach,4,1,0,2,111,0,0,0
LEAD-01385,201-1000,Healthcare,Content/Webinar,14,1,0,6,171,0,1,1
LEAD-01386,201-1000,Other,Content/Webinar,5,0,0,9,78,0,0,0
LEAD-01387,201-1000,Finance,Paid Ads,5,1,1,3,81,0,0,0
LEAD-01388,11-50,SaaS,Content/Webinar,8,1,1,7,28,1,1,1
LEAD-01389,51-200,E-commerce,Organic Search,8,0,0,3,45,0,1,0
LEAD-01390,11-50,Healthcare,Organic Search,7,1,0,3,105,0,1,0
LEAD-01391,201-1000,E-commerce,Organic Search,6,1,1,5,48,0,1,1
LEAD-01392,51-200,Manufacturing,Referral,10,1,0,3,136,0,0,0
LEAD-01393,51-200,Manufacturing,Paid Ads,4,4,1,5,142,0,0,0
LEAD-01394,51-200,Healthcare,Paid Ads,9,2,0,3,15,0,1,0
LEAD-01395,1-10,E-commerce,Organic Search,8,1,0,1,128,0,0,0
LEAD-01396,11-50,SaaS,Paid Ads,6,0,1,4,167,0,1,0
LEAD-01397,1000+,SaaS,Referral,6,0,1,5,153,0,1,0
LEAD-01398,201-1000,E-commerce,Paid Ads,10,0,1,5,63,1,0,1
LEAD-01399,1-10,E-commerce,Referral,8,4,0,9,59,0,0,0
LEAD-01400,1-10,Finance,Organic Search,9,2,0,6,157,1,1,0
LEAD-01401,1-10,Finance,Content/Webinar,4,0,1,2,3,0,1,1
LEAD-01402,51-200,SaaS,Referral,4,1,0,3,39,0,0,0
LEAD-01403,201-1000,E-commerce,Organic Search,8,1,1,7,22,0,0,0
LEAD-01404,1-10,SaaS,Organic Search,6,0,1,3,101,0,0,0
LEAD-01405,11-50,SaaS,Referral,4,0,1,5,127,0,1,0
LEAD-01406,201-1000,Manufacturing,Content/Webinar,4,1,1,0,169,0,0,0
LEAD-01407,51-200,SaaS,Paid Ads,6,0,0,2,20,0,1,0
LEAD-01408,11-50,E-commerce,Organic Search,10,2,1,2,147,0,0,0
LEAD-01409,51-200,SaaS,Content/Webinar,6,1,0,8,141,1,1,1
LEAD-01410,11-50,Manufacturing,Referral,5,0,0,8,91,0,1,0
LEAD-01411,11-50,Healthcare,Paid Ads,2,1,0,5,19,0,0,0
LEAD-01412,51-200,SaaS,Paid Ads,8,1,0,4,66,0,0,0
LEAD-01413,51-200,Healthcare,Organic Search,6,0,0,6,131,0,1,0
LEAD-01414,201-1000,Finance,Referral,5,1,0,3,152,1,0,1
LEAD-01415,51-200,Other,Paid Ads,10,1,1,7,38,0,0,1
LEAD-01416,51-200,SaaS,Cold Outreach,2,1,0,3,130,0,1,0
LEAD-01417,1-10,Manufacturing,Paid Ads,10,2,0,8,37,0,0,1
LEAD-01418,11-50,Other,Paid Ads,1,2,0,6,132,0,1,0
LEAD-01419,1-10,Other,Referral,6,0,0,5,78,1,1,1
LEAD-01420,1-10,Healthcare,Cold Outreach,4,1,0,4,172,0,0,0
LEAD-01421,51-200,Healthcare,Content/Webinar,7,1,0,4,45,0,0,1
LEAD-01422,1000+,E-commerce,Paid Ads,3,1,1,4,81,0,0,0
LEAD-01423,1-10,Finance,Referral,4,1,1,3,84,0,0,1
LEAD-01424,11-50,Healthcare,Referral,5,2,0,4,124,1,0,1
LEAD-01425,201-1000,Finance,Paid Ads,5,1,1,1,175,0,1,0
LEAD-01426,1-10,E-commerce,Organic Search,4,1,0,2,93,1,0,1
LEAD-01427,51-200,Finance,Paid Ads,3,1,0,2,154,0,0,0
LEAD-01428,51-200,Manufacturing,Organic Search,7,1,0,7,106,1,1,1
LEAD-01429,51-200,SaaS,Cold Outreach,9,1,0,4,102,1,0,0
LEAD-01430,1-10,Manufacturing,Paid Ads,11,1,0,5,92,1,1,0
LEAD-01431,11-50,Healthcare,Cold Outreach,7,2,0,3,137,0,0,0
LEAD-01432,51-200,Manufacturing,Paid Ads,9,2,1,3,96,0,0,1
LEAD-01433,51-200,E-commerce,Referral,5,2,0,4,80,0,0,0
LEAD-01434,1-10,E-commerce,Paid Ads,7,3,0,2,48,1,1,1
LEAD-01435,51-200,Other,Organic Search,7,5,0,7,31,0,0,0
LEAD-01436,1-10,SaaS,Paid Ads,4,0,0,4,1,0,0,0
LEAD-01437,51-200,Manufacturing,Organic Search,6,1,1,4,126,0,0,0
LEAD-01438,1-10,E-commerce,Referral,4,0,0,4,139,0,1,0
LEAD-01439,1000+,Healthcare,Paid Ads,5,1,0,5,130,0,0,0
LEAD-01440,11-50,E-commerce,Content/Webinar,6,2,0,1,46,0,1,0
LEAD-01441,11-50,Healthcare,Organic Search,3,1,0,5,1,1,0,0
LEAD-01442,1-10,E-commerce,Organic Search,5,2,0,5,70,0,0,0
LEAD-01443,11-50,SaaS,Paid Ads,7,0,0,5,66,0,0,0
LEAD-01444,201-1000,SaaS,Cold Outreach,9,1,0,5,2,0,0,1
LEAD-01445,1000+,SaaS,Referral,7,1,1,4,69,0,0,1
LEAD-01446,11-50,Other,Paid Ads,6,1,0,4,13,0,0,0
LEAD-01447,11-50,Other,Paid Ads,6,2,1,6,147,0,0,0
LEAD-01448,51-200,E-commerce,Organic Search,7,3,1,2,83,0,1,1
LEAD-01449,201-1000,Finance,Cold Outreach,3,0,0,4,47,0,0,0
LEAD-01450,51-200,E-commerce,Referral,7,0,1,1,129,0,1,0
LEAD-01451,11-50,Finance,Organic Search,10,2,0,2,146,0,0,0
LEAD-01452,11-50,Manufacturing,Referral,6,1,1,3,113,0,1,1
LEAD-01453,51-200,Other,Organic Search,8,0,0,1,32,0,1,0
LEAD-01454,1-10,E-commerce,Cold Outreach,5,1,1,3,96,0,0,0
LEAD-01455,51-200,Finance,Organic Search,5,0,0,4,11,0,0,0
LEAD-01456,11-50,SaaS,Referral,9,2,0,4,148,0,1,1
LEAD-01457,51-200,Other,Organic Search,3,2,0,3,8,0,1,0
LEAD-01458,1-10,SaaS,Referral,4,1,0,7,102,0,1,1
LEAD-01459,51-200,Healthcare,Content/Webinar,11,2,1,4,166,1,0,1
LEAD-01460,11-50,Finance,Referral,6,1,1,5,6,0,1,1
LEAD-01461,51-200,Finance,Referral,10,1,0,3,2,0,0,0
LEAD-01462,1-10,SaaS,Content/Webinar,2,2,0,4,73,0,1,0
LEAD-01463,51-200,Other,Organic Search,5,1,1,3,3,1,0,1
LEAD-01464,51-200,SaaS,Paid Ads,3,2,1,8,66,0,0,0
LEAD-01465,51-200,Healthcare,Organic Search,8,1,0,2,26,0,1,1
LEAD-01466,51-200,SaaS,Cold Outreach,7,1,0,6,176,0,1,0
LEAD-01467,51-200,E-commerce,Paid Ads,6,3,0,5,94,0,0,0
LEAD-01468,201-1000,Healthcare,Referral,7,1,1,5,102,0,0,1
LEAD-01469,11-50,E-commerce,Referral,7,0,0,0,136,1,0,0
LEAD-01470,201-1000,SaaS,Organic Search,7,1,1,6,75,0,1,1
LEAD-01471,11-50,SaaS,Organic Search,8,1,0,3,89,1,1,1
LEAD-01472,1-10,E-commerce,Organic Search,7,4,0,2,116,0,1,1
LEAD-01473,1-10,Finance,Paid Ads,4,1,0,5,30,0,1,0
LEAD-01474,11-50,Manufacturing,Organic Search,12,0,0,1,155,0,1,0
LEAD-01475,51-200,SaaS,Organic Search,7,2,1,1,43,1,0,1
LEAD-01476,51-200,E-commerce,Content/Webinar,7,2,0,3,133,1,0,0
LEAD-01477,51-200,SaaS,Cold Outreach,6,2,0,4,20,0,0,1
LEAD-01478,11-50,SaaS,Paid Ads,12,1,1,3,52,0,1,1
LEAD-01479,11-50,Finance,Paid Ads,5,0,1,3,21,0,1,1
LEAD-01480,1-10,Healthcare,Organic Search,8,0,0,4,131,0,1,0
LEAD-01481,11-50,SaaS,Referral,2,1,0,1,41,0,0,0
LEAD-01482,11-50,SaaS,Content/Webinar,12,0,0,2,124,0,0,1
LEAD-01483,1-10,SaaS,Organic Search,3,0,0,3,108,1,1,0
LEAD-01484,1-10,Manufacturing,Organic Search,4,1,0,3,152,1,0,0
LEAD-01485,51-200,Other,Content/Webinar,4,1,0,4,52,1,1,1
LEAD-01486,51-200,SaaS,Referral,2,1,0,4,2,1,0,1
LEAD-01487,1000+,SaaS,Organic Search,6,0,0,5,44,0,1,0
LEAD-01488,201-1000,Manufacturing,Referral,10,2,0,1,41,0,0,0
LEAD-01489,51-200,Other,Paid Ads,4,0,1,6,70,0,1,0
LEAD-01490,11-50,E-commerce,Paid Ads,8,0,0,2,7,0,0,0
LEAD-01491,51-200,SaaS,Content/Webinar,6,3,0,7,38,0,1,1
LEAD-01492,51-200,SaaS,Content/Webinar,4,3,1,4,173,0,0,1
LEAD-01493,1-10,Healthcare,Paid Ads,6,1,1,2,9,0,0,0
LEAD-01494,11-50,E-commerce,Cold Outreach,9,2,0,3,53,0,0,0
LEAD-01495,201-1000,SaaS,Paid Ads,2,1,0,7,28,1,1,0
LEAD-01496,11-50,Healthcare,Content/Webinar,7,1,0,5,128,0,0,0
LEAD-01497,51-200,SaaS,Paid Ads,6,1,0,2,19,0,0,0
LEAD-01498,51-200,Finance,Content/Webinar,6,2,1,3,132,0,1,0
LEAD-01499,1-10,E-commerce,Cold Outreach,9,0,0,5,13,0,1,0
LEAD-01500,11-50,SaaS,Organic Search,4,1,1,3,11,0,1,1
LEAD-01501,11-50,Healthcare,Cold Outreach,3,2,0,1,2,0,0,0
LEAD-01502,1-10,E-commerce,Content/Webinar,5,1,0,6,140,1,1,0
LEAD-01503,1-10,Other,Content/Webinar,4,1,0,8,126,1,0,1
LEAD-01504,201-1000,Healthcare,Organic Search,6,3,0,6,165,0,1,0
LEAD-01505,11-50,SaaS,Content/Webinar,11,1,0,2,56,0,1,1
LEAD-01506,11-50,Finance,Content/Webinar,10,1,0,5,88,1,0,1
LEAD-01507,11-50,SaaS,Organic Search,8,1,0,5,52,0,0,0
LEAD-01508,201-1000,Other,Cold Outreach,1,1,0,2,125,0,1,0
LEAD-01509,11-50,E-commerce,Organic Search,5,1,0,4,132,0,1,0
LEAD-01510,11-50,Healthcare,Organic Search,5,1,1,3,105,1,0,0
LEAD-01511,201-1000,SaaS,Paid Ads,11,1,0,4,132,1,1,1
LEAD-01512,201-1000,E-commerce,Referral,7,2,0,1,177,0,1,0
LEAD-01513,1-10,Manufacturing,Referral,5,0,1,4,52,0,0,0
LEAD-01514,201-1000,Manufacturing,Organic Search,9,2,0,8,34,0,0,0
LEAD-01515,11-50,SaaS,Cold Outreach,6,0,1,6,22,0,1,1
LEAD-01516,11-50,SaaS,Organic Search,5,3,0,6,141,1,1,0
LEAD-01517,1-10,Manufacturing,Organic Search,5,1,1,4,63,1,1,1
LEAD-01518,1-10,Other,Organic Search,2,0,0,1,15,1,0,0
LEAD-01519,51-200,SaaS,Referral,7,2,0,3,168,1,0,1
LEAD-01520,11-50,E-commerce,Cold Outreach,11,2,0,6,38,1,1,1
LEAD-01521,11-50,E-commerce,Referral,6,0,1,5,105,0,0,0
LEAD-01522,51-200,Manufacturing,Content/Webinar,9,1,1,3,55,0,0,0
LEAD-01523,51-200,SaaS,Organic Search,6,0,1,8,172,0,0,0
LEAD-01524,1-10,SaaS,Paid Ads,11,1,0,6,117,0,0,1
LEAD-01525,51-200,Finance,Paid Ads,5,2,1,3,120,0,0,0
LEAD-01526,1-10,SaaS,Paid Ads,5,2,0,3,66,1,1,0
LEAD-01527,51-200,E-commerce,Organic Search,7,0,0,7,66,0,1,1
LEAD-01528,51-200,E-commerce,Referral,15,2,0,8,171,1,0,0
LEAD-01529,1000+,E-commerce,Paid Ads,7,0,1,2,72,0,1,0
LEAD-01530,1-10,E-commerce,Content/Webinar,14,1,0,3,166,1,1,0
LEAD-01531,1-10,Healthcare,Paid Ads,1,1,1,6,157,1,1,0
LEAD-01532,11-50,SaaS,Organic Search,1,0,0,2,75,1,0,0
LEAD-01533,11-50,Healthcare,Referral,9,2,0,5,134,0,1,1
LEAD-01534,1-10,Manufacturing,Organic Search,3,2,1,2,9,0,1,1
LEAD-01535,201-1000,Finance,Content/Webinar,5,1,1,5,150,0,0,0
LEAD-01536,1-10,SaaS,Referral,3,0,0,0,174,0,0,0
LEAD-01537,11-50,SaaS,Organic Search,7,1,0,2,89,1,0,1
LEAD-01538,51-200,SaaS,Cold Outreach,6,0,0,3,31,1,0,1
LEAD-01539,11-50,E-commerce,Paid Ads,6,0,0,1,21,0,1,0
LEAD-01540,51-200,E-commerce,Organic Search,8,1,0,2,38,0,1,0
LEAD-01541,1-10,Finance,Referral,10,0,0,3,52,0,0,1
LEAD-01542,11-50,SaaS,Organic Search,5,0,0,3,147,0,0,0
LEAD-01543,1-10,SaaS,Content/Webinar,9,2,0,3,138,0,0,0
LEAD-01544,1-10,E-commerce,Content/Webinar,9,1,0,2,174,0,0,0
LEAD-01545,201-1000,Finance,Cold Outreach,7,3,1,5,76,0,1,1
LEAD-01546,1-10,SaaS,Paid Ads,5,0,0,0,83,0,0,0
LEAD-01547,11-50,Healthcare,Paid Ads,7,1,1,4,79,0,1,1
LEAD-01548,11-50,SaaS,Content/Webinar,11,2,1,5,38,0,1,0
LEAD-01549,11-50,Manufacturing,Organic Search,4,1,0,3,62,0,0,0
LEAD-01550,201-1000,Manufacturing,Paid Ads,2,1,0,6,72,0,0,1
LEAD-01551,1-10,SaaS,Paid Ads,10,1,1,3,174,1,0,0
LEAD-01552,51-200,SaaS,Organic Search,1,0,0,6,163,1,0,0
LEAD-01553,1000+,E-commerce,Paid Ads,5,0,0,4,102,1,0,0
LEAD-01554,51-200,SaaS,Content/Webinar,8,1,1,7,171,0,1,0
LEAD-01555,201-1000,Finance,Content/Webinar,2,1,0,2,128,1,1,0
LEAD-01556,1-10,Manufacturing,Organic Search,9,0,0,2,158,0,0,0
LEAD-01557,11-50,Finance,Organic Search,6,2,1,3,73,0,1,1
LEAD-01558,11-50,Manufacturing,Organic Search,7,0,0,3,63,0,1,0
LEAD-01559,51-200,E-commerce,Content/Webinar,7,1,0,5,158,0,0,0
LEAD-01560,1000+,SaaS,Organic Search,9,1,0,2,113,1,0,1
LEAD-01561,11-50,Finance,Referral,11,1,1,3,83,1,0,1
LEAD-01562,51-200,E-commerce,Organic Search,7,2,0,2,157,1,0,0
LEAD-01563,1-10,Finance,Referral,7,2,1,2,22,0,0,0
LEAD-01564,51-200,SaaS,Paid Ads,3,0,0,1,163,0,0,0
LEAD-01565,11-50,SaaS,Content/Webinar,9,2,1,3,170,1,0,0
LEAD-01566,1000+,Other,Organic Search,2,1,0,6,152,0,0,1
LEAD-01567,51-200,SaaS,Referral,6,3,0,4,26,0,1,1
LEAD-01568,11-50,Other,Organic Search,8,2,1,7,159,1,0,0
LEAD-01569,1-10,Other,Referral,3,2,1,3,87,0,1,1
LEAD-01570,1-10,Finance,Content/Webinar,5,0,1,9,130,0,1,0
LEAD-01571,1-10,Finance,Organic Search,5,0,1,4,167,0,1,0
LEAD-01572,11-50,Healthcare,Content/Webinar,3,3,0,5,97,0,1,0
LEAD-01573,201-1000,Manufacturing,Referral,3,2,0,5,140,1,1,0
LEAD-01574,51-200,SaaS,Organic Search,7,0,0,3,73,0,0,0
LEAD-01575,11-50,E-commerce,Paid Ads,7,1,0,7,172,1,0,1
LEAD-01576,1-10,Healthcare,Organic Search,7,0,0,3,43,0,1,0
LEAD-01577,201-1000,E-commerce,Referral,5,2,1,3,88,0,1,0
LEAD-01578,51-200,E-commerce,Content/Webinar,5,1,0,5,97,0,0,0
LEAD-01579,1-10,E-commerce,Organic Search,7,1,0,2,166,0,1,0
LEAD-01580,51-200,Healthcare,Paid Ads,9,0,0,9,40,0,0,0
LEAD-01581,11-50,Manufacturing,Content/Webinar,10,2,0,5,150,0,0,0
LEAD-01582,1-10,SaaS,Cold Outreach,12,3,0,9,19,1,0,0
LEAD-01583,11-50,Other,Paid Ads,7,0,0,3,20,1,1,1
LEAD-01584,11-50,Finance,Cold Outreach,8,0,1,7,119,1,0,0
LEAD-01585,1-10,Manufacturing,Paid Ads,10,1,1,5,73,0,0,1
LEAD-01586,201-1000,Healthcare,Paid Ads,3,0,0,5,171,0,0,1
LEAD-01587,201-1000,Finance,Content/Webinar,4,0,0,8,82,1,0,1
LEAD-01588,51-200,SaaS,Paid Ads,7,0,1,6,105,0,0,0
LEAD-01589,11-50,Manufacturing,Paid Ads,6,1,0,4,54,1,1,1
LEAD-01590,11-50,SaaS,Paid Ads,6,0,0,5,82,1,0,0
LEAD-01591,51-200,Manufacturing,Content/Webinar,5,2,0,3,40,0,0,1
LEAD-01592,11-50,Other,Content/Webinar,8,1,1,11,100,0,0,0
LEAD-01593,1-10,SaaS,Paid Ads,7,4,0,7,27,0,0,1
LEAD-01594,11-50,SaaS,Paid Ads,8,0,0,3,141,0,1,0
LEAD-01595,201-1000,Finance,Paid Ads,6,1,1,3,47,1,1,1
LEAD-01596,11-50,SaaS,Referral,7,4,0,4,112,0,1,1
LEAD-01597,1-10,Manufacturing,Organic Search,6,1,0,6,151,0,1,0
LEAD-01598,51-200,SaaS,Content/Webinar,9,1,0,2,119,0,1,1
LEAD-01599,1-10,SaaS,Paid Ads,4,4,1,7,59,0,0,1
LEAD-01600,11-50,Other,Paid Ads,6,1,0,4,77,1,0,0
LEAD-01601,1-10,Finance,Organic Search,9,1,1,5,126,0,0,0
LEAD-01602,11-50,Manufacturing,Organic Search,5,2,0,3,7,0,1,1
LEAD-01603,51-200,E-commerce,Cold Outreach,10,3,0,4,50,0,1,1
LEAD-01604,11-50,Finance,Paid Ads,6,2,0,3,104,0,0,0
LEAD-01605,1-10,Healthcare,Organic Search,6,2,0,2,66,0,0,0
LEAD-01606,201-1000,Healthcare,Paid Ads,6,1,0,6,131,1,0,0
LEAD-01607,201-1000,Finance,Paid Ads,8,2,0,2,106,0,1,0
LEAD-01608,201-1000,Healthcare,Organic Search,3,3,0,5,167,0,0,0
LEAD-01609,1-10,E-commerce,Paid Ads,5,0,1,2,7,0,1,0
LEAD-01610,11-50,SaaS,Paid Ads,5,1,1,6,8,0,1,0
LEAD-01611,1000+,Finance,Referral,4,1,1,6,32,0,0,1
LEAD-01612,51-200,SaaS,Paid Ads,6,2,0,3,19,1,1,1
LEAD-01613,1-10,Finance,Paid Ads,6,3,0,2,118,0,0,0
LEAD-01614,1-10,SaaS,Cold Outreach,4,4,0,5,140,0,0,0
LEAD-01615,11-50,Healthcare,Paid Ads,5,2,1,6,57,1,0,1
LEAD-01616,201-1000,Finance,Organic Search,4,2,0,6,138,0,1,0
LEAD-01617,11-50,SaaS,Organic Search,6,0,1,2,91,0,1,0
LEAD-01618,11-50,SaaS,Paid Ads,9,0,0,7,21,1,0,0
LEAD-01619,1-10,SaaS,Content/Webinar,5,1,0,2,148,0,0,0
LEAD-01620,51-200,Healthcare,Organic Search,3,0,1,2,121,0,1,1
LEAD-01621,201-1000,Manufacturing,Referral,8,2,0,3,132,0,0,1
LEAD-01622,11-50,SaaS,Organic Search,5,2,1,4,147,0,1,0
LEAD-01623,51-200,Finance,Paid Ads,1,1,0,5,29,0,0,1
LEAD-01624,1000+,E-commerce,Content/Webinar,4,1,0,6,71,0,0,1
LEAD-01625,1-10,E-commerce,Paid Ads,5,1,0,0,64,1,1,0
LEAD-01626,11-50,Other,Referral,10,2,0,1,139,0,0,0
LEAD-01627,11-50,E-commerce,Organic Search,8,3,0,3,33,0,0,0
LEAD-01628,51-200,E-commerce,Referral,3,4,0,4,25,1,0,0
LEAD-01629,51-200,SaaS,Organic Search,5,1,0,8,161,0,1,0
LEAD-01630,51-200,SaaS,Content/Webinar,6,1,0,8,26,1,1,1
LEAD-01631,51-200,SaaS,Organic Search,9,1,1,2,36,0,0,0
LEAD-01632,11-50,SaaS,Content/Webinar,7,3,0,2,11,1,0,0
LEAD-01633,201-1000,Healthcare,Paid Ads,4,0,1,6,30,0,1,1
LEAD-01634,11-50,E-commerce,Referral,7,0,1,5,57,0,1,1
LEAD-01635,1-10,Healthcare,Paid Ads,6,1,1,5,97,0,0,0
LEAD-01636,51-200,SaaS,Cold Outreach,7,1,1,2,138,0,0,0
LEAD-01637,51-200,SaaS,Organic Search,6,2,1,7,25,0,1,1
LEAD-01638,11-50,Finance,Organic Search,11,0,1,1,96,0,1,0
LEAD-01639,201-1000,Other,Paid Ads,6,0,0,4,57,0,0,0
LEAD-01640,201-1000,SaaS,Organic Search,7,1,1,2,123,1,0,1
LEAD-01641,11-50,Manufacturing,Organic Search,2,2,1,7,34,0,1,1
LEAD-01642,1000+,Healthcare,Cold Outreach,6,1,0,9,86,1,0,0
LEAD-01643,1-10,Healthcare,Cold Outreach,5,1,1,2,54,0,1,0
LEAD-01644,1-10,Healthcare,Paid Ads,6,1,1,3,51,0,0,0
LEAD-01645,1-10,SaaS,Cold Outreach,6,1,0,5,6,1,1,1
LEAD-01646,201-1000,SaaS,Paid Ads,6,2,1,4,54,0,1,0
LEAD-01647,51-200,Healthcare,Organic Search,10,2,1,1,17,1,1,1
LEAD-01648,1-10,E-commerce,Referral,9,4,0,1,154,1,1,0
LEAD-01649,11-50,Other,Referral,7,0,0,2,88,0,1,0
LEAD-01650,51-200,E-commerce,Cold Outreach,13,1,0,2,137,0,1,0
LEAD-01651,1-10,SaaS,Organic Search,6,0,0,5,2,1,1,1
LEAD-01652,201-1000,Finance,Referral,5,2,0,6,20,0,0,1
LEAD-01653,201-1000,SaaS,Organic Search,6,2,0,2,91,0,0,0
LEAD-01654,11-50,Healthcare,Organic Search,13,0,1,3,6,1,1,1
LEAD-01655,1000+,Finance,Organic Search,5,1,0,6,119,0,0,0
LEAD-01656,11-50,Other,Cold Outreach,8,1,1,1,79,0,0,0
LEAD-01657,1000+,Finance,Content/Webinar,6,0,0,2,55,0,1,0
LEAD-01658,51-200,Finance,Content/Webinar,3,2,0,6,48,1,1,1
LEAD-01659,51-200,Finance,Paid Ads,3,0,0,5,58,0,0,0
LEAD-01660,1-10,Other,Paid Ads,4,2,0,5,170,0,1,0
LEAD-01661,201-1000,SaaS,Organic Search,2,1,0,1,149,0,0,0
LEAD-01662,11-50,SaaS,Organic Search,7,1,1,4,6,0,0,0
LEAD-01663,1-10,SaaS,Paid Ads,10,1,1,0,30,1,1,1
LEAD-01664,1-10,SaaS,Content/Webinar,9,3,0,1,151,1,0,0
LEAD-01665,51-200,Finance,Paid Ads,5,0,0,4,36,0,1,0
LEAD-01666,11-50,Healthcare,Organic Search,8,1,0,4,110,1,1,0
LEAD-01667,51-200,Healthcare,Organic Search,3,2,0,1,121,0,0,0
LEAD-01668,201-1000,SaaS,Organic Search,11,2,0,5,3,1,0,1
LEAD-01669,1-10,Finance,Paid Ads,6,2,0,3,90,0,1,0
LEAD-01670,51-200,E-commerce,Cold Outreach,3,2,0,1,162,1,1,0
LEAD-01671,1-10,Finance,Referral,2,0,0,3,30,0,0,0
LEAD-01672,201-1000,Healthcare,Content/Webinar,6,1,0,2,115,0,0,0
LEAD-01673,201-1000,E-commerce,Paid Ads,10,0,0,7,170,0,0,0
LEAD-01674,11-50,SaaS,Paid Ads,7,2,0,5,149,0,1,1
LEAD-01675,51-200,SaaS,Organic Search,5,2,0,1,118,0,1,0
LEAD-01676,11-50,Manufacturing,Content/Webinar,10,2,0,6,88,1,0,1
LEAD-01677,11-50,Other,Content/Webinar,5,1,0,7,4,1,1,1
LEAD-01678,201-1000,Healthcare,Organic Search,3,0,0,3,177,0,1,0
LEAD-01679,11-50,SaaS,Paid Ads,3,1,0,6,176,1,0,0
LEAD-01680,11-50,E-commerce,Paid Ads,4,2,0,4,51,1,1,1
LEAD-01681,11-50,Finance,Referral,2,0,1,3,24,1,1,1
LEAD-01682,201-1000,Finance,Cold Outreach,5,3,0,3,46,0,1,0
LEAD-01683,11-50,SaaS,Referral,4,0,0,4,116,0,0,0
LEAD-01684,1-10,SaaS,Paid Ads,7,0,0,4,27,1,0,0
LEAD-01685,51-200,Finance,Organic Search,7,1,0,6,95,1,0,0
LEAD-01686,201-1000,E-commerce,Organic Search,7,2,0,4,111,0,0,0
LEAD-01687,1-10,SaaS,Organic Search,9,6,0,4,179,0,0,1
LEAD-01688,1-10,SaaS,Organic Search,5,2,1,6,99,0,0,0
LEAD-01689,1-10,Healthcare,Referral,9,0,1,6,116,0,1,1
LEAD-01690,11-50,Manufacturing,Referral,6,0,0,6,20,0,0,1
LEAD-01691,11-50,Other,Organic Search,5,0,0,4,80,0,1,0
LEAD-01692,51-200,Healthcare,Content/Webinar,6,1,1,7,95,0,0,1
LEAD-01693,51-200,Healthcare,Organic Search,8,2,1,4,146,0,0,0
LEAD-01694,51-200,SaaS,Paid Ads,12,0,0,3,136,1,1,0
LEAD-01695,11-50,Healthcare,Organic Search,4,5,0,3,155,0,0,0
LEAD-01696,201-1000,E-commerce,Paid Ads,3,0,0,5,14,0,0,1
LEAD-01697,11-50,Healthcare,Organic Search,7,1,0,4,146,0,1,0
LEAD-01698,1000+,E-commerce,Paid Ads,8,3,0,3,65,1,1,1
LEAD-01699,51-200,SaaS,Paid Ads,6,1,0,3,159,0,1,0
LEAD-01700,1-10,SaaS,Cold Outreach,6,1,0,1,20,0,0,0
LEAD-01701,51-200,E-commerce,Organic Search,4,4,0,5,70,0,0,0
LEAD-01702,11-50,SaaS,Organic Search,5,0,0,1,45,1,0,1
LEAD-01703,51-200,SaaS,Organic Search,15,0,0,2,1,0,1,0
LEAD-01704,1-10,Other,Referral,7,2,1,8,147,0,1,1
LEAD-01705,1-10,E-commerce,Organic Search,2,1,1,5,39,0,0,0
LEAD-01706,201-1000,Healthcare,Content/Webinar,3,0,1,5,119,1,0,1
LEAD-01707,1-10,Manufacturing,Paid Ads,7,1,0,3,155,0,0,0
LEAD-01708,201-1000,Other,Paid Ads,4,0,0,1,56,0,1,1
LEAD-01709,11-50,Healthcare,Referral,5,1,0,2,144,0,1,0
LEAD-01710,51-200,Manufacturing,Organic Search,6,0,1,6,7,1,0,1
LEAD-01711,51-200,E-commerce,Organic Search,5,1,0,4,20,0,1,0
LEAD-01712,11-50,E-commerce,Paid Ads,8,0,0,2,159,0,1,0
LEAD-01713,11-50,E-commerce,Referral,9,0,0,3,84,0,1,0
LEAD-01714,1-10,Finance,Organic Search,9,0,1,6,79,0,0,1
LEAD-01715,1-10,Finance,Organic Search,5,0,0,3,153,0,1,0
LEAD-01716,11-50,E-commerce,Cold Outreach,7,2,0,4,110,1,1,0
LEAD-01717,51-200,SaaS,Organic Search,8,0,0,4,1,0,1,1
LEAD-01718,201-1000,Healthcare,Content/Webinar,6,0,0,7,145,0,1,1
LEAD-01719,201-1000,SaaS,Content/Webinar,4,1,0,3,80,0,0,0
LEAD-01720,51-200,Healthcare,Organic Search,9,0,0,5,27,1,0,0
LEAD-01721,51-200,Finance,Organic Search,6,1,0,5,119,0,0,0
LEAD-01722,51-200,Finance,Organic Search,10,0,0,4,123,1,1,0
LEAD-01723,11-50,Finance,Referral,6,1,1,4,24,0,1,1
LEAD-01724,201-1000,Manufacturing,Referral,4,0,0,2,52,1,1,1
LEAD-01725,51-200,E-commerce,Content/Webinar,6,3,1,3,51,1,1,1
LEAD-01726,51-200,Finance,Cold Outreach,6,1,1,2,57,0,0,0
LEAD-01727,1-10,Healthcare,Referral,5,2,0,5,55,0,0,0
LEAD-01728,11-50,SaaS,Organic Search,4,2,1,3,53,0,1,1
LEAD-01729,11-50,SaaS,Organic Search,5,2,1,0,89,0,1,1
LEAD-01730,201-1000,SaaS,Content/Webinar,8,2,0,7,19,0,1,1
LEAD-01731,11-50,E-commerce,Organic Search,9,2,0,2,109,1,0,0
LEAD-01732,11-50,Healthcare,Organic Search,8,1,1,5,141,1,0,0
LEAD-01733,1000+,Manufacturing,Referral,11,0,0,3,29,0,0,1
LEAD-01734,1-10,SaaS,Paid Ads,6,2,1,4,134,0,0,0
LEAD-01735,11-50,SaaS,Cold Outreach,12,0,1,2,120,0,0,0
LEAD-01736,1-10,Other,Referral,10,1,0,7,129,0,1,1
LEAD-01737,51-200,SaaS,Organic Search,8,2,1,3,152,0,0,0
LEAD-01738,201-1000,E-commerce,Cold Outreach,3,0,0,4,74,1,0,0
LEAD-01739,11-50,Healthcare,Organic Search,9,0,1,3,99,0,0,1
LEAD-01740,201-1000,Healthcare,Paid Ads,6,0,0,5,6,0,1,0
LEAD-01741,11-50,SaaS,Paid Ads,9,1,0,1,176,0,1,0
LEAD-01742,201-1000,SaaS,Organic Search,3,3,0,5,148,0,1,0
LEAD-01743,51-200,SaaS,Paid Ads,6,4,0,2,76,0,1,0
LEAD-01744,201-1000,Healthcare,Organic Search,2,0,0,4,67,1,0,1
LEAD-01745,1-10,Healthcare,Paid Ads,11,3,0,1,18,1,0,1
LEAD-01746,1000+,SaaS,Paid Ads,5,1,1,3,21,0,0,1
LEAD-01747,51-200,Healthcare,Content/Webinar,3,0,0,5,165,0,0,0
LEAD-01748,11-50,Manufacturing,Content/Webinar,5,1,1,4,19,1,0,1
LEAD-01749,201-1000,SaaS,Organic Search,3,4,0,1,56,1,1,1
LEAD-01750,11-50,E-commerce,Paid Ads,9,1,0,6,18,1,1,1
LEAD-01751,201-1000,Finance,Paid Ads,10,3,1,4,158,1,0,1
LEAD-01752,1-10,SaaS,Organic Search,7,0,0,3,106,1,1,0
LEAD-01753,51-200,E-commerce,Content/Webinar,12,0,1,4,170,1,0,1
LEAD-01754,11-50,Healthcare,Referral,5,3,0,7,53,1,0,1
LEAD-01755,1-10,Manufacturing,Organic Search,6,1,1,4,86,0,0,0
LEAD-01756,1-10,Manufacturing,Paid Ads,3,0,0,5,50,0,0,0
LEAD-01757,1-10,Healthcare,Organic Search,12,1,1,4,127,0,1,1
LEAD-01758,11-50,Finance,Referral,6,0,1,3,4,0,0,1
LEAD-01759,11-50,E-commerce,Organic Search,12,1,0,5,63,1,0,1
LEAD-01760,51-200,Healthcare,Cold Outreach,7,1,1,2,113,0,0,0
LEAD-01761,11-50,E-commerce,Content/Webinar,4,1,0,4,56,0,0,1
LEAD-01762,11-50,SaaS,Paid Ads,4,2,0,2,177,1,1,0
LEAD-01763,51-200,Finance,Referral,5,1,1,6,150,0,1,0
LEAD-01764,1-10,Healthcare,Cold Outreach,3,0,0,3,140,0,0,0
LEAD-01765,201-1000,E-commerce,Referral,8,2,1,2,177,1,1,1
LEAD-01766,201-1000,Other,Organic Search,8,1,1,2,13,1,1,1
LEAD-01767,51-200,SaaS,Paid Ads,5,0,1,8,105,0,0,0
LEAD-01768,51-200,E-commerce,Content/Webinar,10,2,0,3,33,1,0,1
LEAD-01769,201-1000,SaaS,Referral,7,2,1,4,175,0,0,0
LEAD-01770,1-10,Finance,Referral,4,2,0,3,64,0,0,0
LEAD-01771,1-10,Finance,Content/Webinar,9,3,0,5,83,0,0,0
LEAD-01772,1-10,E-commerce,Content/Webinar,7,0,0,2,105,0,0,0
LEAD-01773,51-200,Finance,Cold Outreach,9,0,0,1,145,0,0,0
LEAD-01774,1-10,E-commerce,Organic Search,7,1,0,5,34,1,1,1
LEAD-01775,51-200,Finance,Paid Ads,2,2,0,10,68,0,1,0
LEAD-01776,1000+,E-commerce,Referral,9,1,1,4,39,0,1,1
LEAD-01777,201-1000,E-commerce,Content/Webinar,1,0,0,4,129,0,0,0
LEAD-01778,11-50,Other,Referral,7,1,0,8,133,0,1,1
LEAD-01779,1-10,SaaS,Organic Search,3,2,0,6,40,0,0,0
LEAD-01780,201-1000,SaaS,Content/Webinar,5,1,1,1,63,0,1,1
LEAD-01781,51-200,Healthcare,Referral,4,0,1,3,129,1,0,0
LEAD-01782,1-10,Other,Organic Search,5,2,0,2,163,1,0,0
LEAD-01783,1-10,E-commerce,Paid Ads,4,3,1,4,145,0,0,0
LEAD-01784,201-1000,SaaS,Organic Search,2,2,0,1,94,1,1,1
LEAD-01785,51-200,E-commerce,Paid Ads,3,1,1,1,99,1,1,1
LEAD-01786,201-1000,Healthcare,Organic Search,7,1,0,0,60,0,1,1
LEAD-01787,201-1000,SaaS,Paid Ads,0,3,0,5,129,0,1,1
LEAD-01788,51-200,Finance,Paid Ads,9,1,1,3,132,0,1,1
LEAD-01789,11-50,Other,Referral,5,3,1,2,137,1,1,1
LEAD-01790,11-50,E-commerce,Referral,4,2,0,3,45,0,1,1
LEAD-01791,11-50,E-commerce,Content/Webinar,3,1,1,2,160,1,0,0
LEAD-01792,11-50,E-commerce,Organic Search,7,0,0,4,69,0,0,0
LEAD-01793,51-200,SaaS,Organic Search,3,1,0,5,14,0,0,0
LEAD-01794,51-200,Manufacturing,Content/Webinar,3,0,1,3,179,0,0,0
LEAD-01795,201-1000,E-commerce,Organic Search,6,1,0,3,151,1,1,0
LEAD-01796,11-50,E-commerce,Cold Outreach,8,1,0,2,174,1,1,0
LEAD-01797,51-200,Finance,Content/Webinar,5,0,0,1,155,0,1,0
LEAD-01798,51-200,E-commerce,Paid Ads,5,1,1,4,89,1,0,0
LEAD-01799,51-200,Healthcare,Cold Outreach,7,1,0,4,36,0,1,0
LEAD-01800,51-200,SaaS,Organic Search,5,2,0,2,32,1,0,0
LEAD-01801,1-10,Manufacturing,Paid Ads,5,0,0,3,73,1,1,0
LEAD-01802,11-50,Other,Referral,3,1,1,2,170,1,0,0
LEAD-01803,1-10,Healthcare,Paid Ads,10,0,1,5,50,0,1,1
LEAD-01804,11-50,Other,Cold Outreach,4,3,0,3,57,1,0,0
LEAD-01805,11-50,SaaS,Organic Search,7,0,0,7,117,0,0,0
LEAD-01806,51-200,E-commerce,Paid Ads,6,0,0,6,174,0,0,0
LEAD-01807,1000+,Healthcare,Referral,4,1,1,2,111,0,0,0
LEAD-01808,51-200,Healthcare,Referral,7,2,0,3,89,0,1,0
LEAD-01809,51-200,E-commerce,Organic Search,6,1,0,6,104,0,0,0
LEAD-01810,11-50,E-commerce,Paid Ads,3,0,0,7,54,0,0,0
LEAD-01811,51-200,SaaS,Content/Webinar,12,0,1,3,53,0,1,1
LEAD-01812,1-10,E-commerce,Organic Search,8,0,0,4,157,0,0,0
LEAD-01813,11-50,SaaS,Content/Webinar,3,2,0,5,165,1,1,1
LEAD-01814,11-50,Finance,Referral,8,2,1,5,69,1,1,1
LEAD-01815,11-50,SaaS,Content/Webinar,6,0,0,4,14,0,0,0
LEAD-01816,1-10,SaaS,Referral,7,4,0,3,155,0,1,1
LEAD-01817,1-10,Healthcare,Organic Search,5,1,0,7,5,0,1,1
LEAD-01818,11-50,Healthcare,Referral,7,1,0,7,118,0,1,1
LEAD-01819,1000+,Manufacturing,Content/Webinar,10,1,0,5,172,0,0,0
LEAD-01820,11-50,Healthcare,Paid Ads,4,1,1,4,143,0,0,0
LEAD-01821,11-50,E-commerce,Cold Outreach,4,1,1,3,67,0,1,0
LEAD-01822,1-10,Manufacturing,Paid Ads,5,1,0,4,1,0,0,0
LEAD-01823,51-200,Healthcare,Organic Search,5,3,1,0,152,1,1,1
LEAD-01824,11-50,SaaS,Paid Ads,5,2,0,2,109,1,0,0
LEAD-01825,1-10,Healthcare,Cold Outreach,14,0,0,5,62,0,1,0
LEAD-01826,11-50,Other,Paid Ads,10,1,1,0,78,0,0,1
LEAD-01827,1-10,E-commerce,Content/Webinar,7,3,0,5,57,0,0,0
LEAD-01828,1-10,SaaS,Content/Webinar,6,1,0,6,20,0,0,0
LEAD-01829,1-10,SaaS,Paid Ads,2,0,1,5,14,0,0,0
LEAD-01830,1-10,SaaS,Organic Search,3,1,0,4,35,0,0,0
LEAD-01831,1-10,E-commerce,Referral,9,3,0,5,147,1,1,1
LEAD-01832,11-50,Healthcare,Paid Ads,8,5,0,2,84,0,0,1
LEAD-01833,201-1000,SaaS,Content/Webinar,3,3,0,6,42,1,1,1
LEAD-01834,51-200,Other,Paid Ads,7,1,1,5,172,0,0,1
LEAD-01835,11-50,Finance,Paid Ads,7,1,1,2,98,0,0,0
LEAD-01836,11-50,Healthcare,Content/Webinar,4,1,1,5,1,1,1,1
LEAD-01837,201-1000,Manufacturing,Paid Ads,8,2,0,4,68,0,0,1
LEAD-01838,11-50,SaaS,Paid Ads,10,0,0,4,104,0,0,0
LEAD-01839,1-10,E-commerce,Paid Ads,12,1,1,7,78,0,1,1
LEAD-01840,51-200,Healthcare,Paid Ads,5,1,0,3,174,0,0,0
LEAD-01841,1-10,Manufacturing,Paid Ads,6,1,1,6,51,0,0,1
LEAD-01842,11-50,Finance,Content/Webinar,7,3,1,11,32,0,1,1
LEAD-01843,11-50,SaaS,Paid Ads,6,1,0,4,100,0,0,0
LEAD-01844,201-1000,Other,Paid Ads,6,1,1,2,147,0,1,0
LEAD-01845,11-50,SaaS,Referral,4,1,0,5,39,0,0,0
LEAD-01846,51-200,Manufacturing,Organic Search,7,1,1,4,142,0,0,0
LEAD-01847,1000+,Other,Organic Search,3,2,0,4,157,1,0,0
LEAD-01848,1-10,SaaS,Cold Outreach,6,0,0,8,42,1,1,0
LEAD-01849,11-50,Finance,Referral,5,0,0,5,14,1,1,1
LEAD-01850,11-50,SaaS,Referral,4,3,0,3,116,0,1,1
LEAD-01851,11-50,E-commerce,Referral,2,3,0,4,139,1,0,0
LEAD-01852,11-50,Healthcare,Organic Search,6,1,0,6,75,0,0,0
LEAD-01853,201-1000,Healthcare,Referral,8,0,0,5,47,0,0,0
LEAD-01854,51-200,Other,Paid Ads,7,2,0,8,104,0,0,0
LEAD-01855,51-200,Finance,Paid Ads,2,0,0,5,24,0,0,0
LEAD-01856,11-50,E-commerce,Paid Ads,11,0,0,7,150,1,0,0
LEAD-01857,201-1000,Manufacturing,Organic Search,9,1,1,3,177,0,0,1
LEAD-01858,1000+,Other,Organic Search,6,1,0,3,55,0,0,1
LEAD-01859,201-1000,SaaS,Cold Outreach,7,1,0,3,70,1,0,0
LEAD-01860,1-10,Other,Paid Ads,8,1,0,3,78,0,0,0
LEAD-01861,51-200,SaaS,Paid Ads,7,1,1,2,73,0,0,0
LEAD-01862,1-10,Manufacturing,Organic Search,3,1,1,5,163,1,0,1
LEAD-01863,11-50,SaaS,Organic Search,6,0,1,5,44,1,1,1
LEAD-01864,1-10,SaaS,Referral,6,1,0,3,164,0,0,0
LEAD-01865,51-200,E-commerce,Paid Ads,6,0,1,5,89,1,0,0
LEAD-01866,51-200,Healthcare,Paid Ads,8,2,0,2,15,1,0,1
LEAD-01867,1-10,E-commerce,Organic Search,7,2,1,6,45,0,0,1
LEAD-01868,11-50,SaaS,Referral,8,2,1,5,122,0,1,1
LEAD-01869,11-50,Healthcare,Organic Search,1,0,0,3,62,0,0,0
LEAD-01870,11-50,Other,Organic Search,8,1,0,4,92,0,0,0
LEAD-01871,1-10,E-commerce,Paid Ads,4,1,1,1,178,0,1,0
LEAD-01872,11-50,SaaS,Organic Search,7,0,0,2,13,0,0,0
LEAD-01873,51-200,E-commerce,Organic Search,4,0,1,4,105,0,0,0
LEAD-01874,1-10,SaaS,Referral,8,0,1,6,159,0,0,0
LEAD-01875,1-10,Manufacturing,Referral,5,2,0,3,5,0,1,1
LEAD-01876,11-50,Manufacturing,Content/Webinar,7,3,0,5,83,0,0,0
LEAD-01877,201-1000,Healthcare,Paid Ads,5,5,0,2,136,1,0,0
LEAD-01878,51-200,E-commerce,Organic Search,9,2,0,7,141,0,1,0
LEAD-01879,51-200,Finance,Organic Search,8,2,0,4,169,0,1,0
LEAD-01880,11-50,Healthcare,Cold Outreach,3,1,1,2,17,0,1,0
LEAD-01881,51-200,Manufacturing,Referral,4,2,1,4,32,0,1,1
LEAD-01882,1-10,Healthcare,Referral,9,1,1,6,5,1,1,1
LEAD-01883,51-200,Finance,Organic Search,4,1,0,3,126,1,0,0
LEAD-01884,201-1000,Healthcare,Paid Ads,1,1,1,3,137,1,1,0
LEAD-01885,51-200,E-commerce,Organic Search,2,1,1,5,107,1,0,0
LEAD-01886,201-1000,Other,Referral,7,1,0,3,162,1,0,1
LEAD-01887,51-200,Healthcare,Cold Outreach,4,1,1,2,1,0,1,1
LEAD-01888,1-10,Healthcare,Cold Outreach,9,2,1,5,168,0,1,0
LEAD-01889,201-1000,SaaS,Paid Ads,11,3,1,2,126,0,0,0
LEAD-01890,1-10,Healthcare,Paid Ads,5,0,1,8,32,1,0,1
LEAD-01891,11-50,Healthcare,Cold Outreach,8,2,0,1,126,0,1,0
LEAD-01892,1-10,SaaS,Referral,5,1,0,1,99,0,0,1
LEAD-01893,1-10,SaaS,Organic Search,7,0,1,5,113,0,0,0
LEAD-01894,11-50,Healthcare,Paid Ads,3,2,1,4,178,1,0,0
LEAD-01895,11-50,Finance,Organic Search,5,2,0,5,11,0,1,0
LEAD-01896,11-50,Healthcare,Paid Ads,6,0,0,3,23,0,0,0
LEAD-01897,51-200,SaaS,Paid Ads,6,0,0,2,119,0,0,0
LEAD-01898,1-10,Finance,Referral,5,3,0,4,26,1,1,1
LEAD-01899,1-10,SaaS,Paid Ads,10,1,1,5,63,0,0,0
LEAD-01900,51-200,E-commerce,Organic Search,9,1,0,6,174,1,0,0
LEAD-01901,11-50,SaaS,Paid Ads,6,2,0,4,69,0,0,0
LEAD-01902,51-200,SaaS,Content/Webinar,7,1,1,2,90,0,1,0
LEAD-01903,51-200,SaaS,Referral,1,1,0,5,134,0,1,0
LEAD-01904,201-1000,E-commerce,Paid Ads,3,0,1,5,51,0,1,0
LEAD-01905,51-200,SaaS,Cold Outreach,3,2,1,2,43,0,0,0
LEAD-01906,11-50,E-commerce,Cold Outreach,14,3,0,5,170,1,1,0
LEAD-01907,51-200,Healthcare,Organic Search,4,0,0,5,141,1,1,0
LEAD-01908,11-50,E-commerce,Organic Search,6,0,1,2,25,0,1,1
LEAD-01909,11-50,E-commerce,Referral,7,2,0,4,130,1,1,1
LEAD-01910,51-200,Manufacturing,Content/Webinar,4,1,0,3,14,0,0,1
LEAD-01911,11-50,SaaS,Cold Outreach,5,1,1,1,145,1,0,0
LEAD-01912,51-200,Healthcare,Content/Webinar,2,0,0,5,105,0,0,0
LEAD-01913,201-1000,SaaS,Referral,7,1,0,1,104,0,0,0
LEAD-01914,201-1000,SaaS,Paid Ads,6,0,0,3,168,0,1,0
LEAD-01915,201-1000,Healthcare,Organic Search,6,0,0,6,39,0,1,0
LEAD-01916,11-50,Healthcare,Organic Search,10,0,0,5,153,0,0,0
LEAD-01917,11-50,Manufacturing,Paid Ads,6,3,0,3,48,1,0,1
LEAD-01918,51-200,Healthcare,Referral,7,0,1,3,115,0,0,0
LEAD-01919,11-50,Other,Referral,7,1,0,0,49,1,0,1
LEAD-01920,51-200,SaaS,Referral,5,1,1,7,161,1,1,1
LEAD-01921,51-200,SaaS,Organic Search,8,1,1,5,27,1,0,1
LEAD-01922,51-200,SaaS,Referral,6,0,1,4,45,0,1,0
LEAD-01923,11-50,SaaS,Organic Search,8,2,0,4,31,0,1,0
LEAD-01924,1-10,Healthcare,Paid Ads,5,0,1,4,63,1,1,1
LEAD-01925,11-50,Healthcare,Content/Webinar,6,3,0,5,112,0,0,0
LEAD-01926,1-10,SaaS,Referral,5,1,0,5,166,1,1,0
LEAD-01927,201-1000,Other,Cold Outreach,7,1,1,3,108,0,1,0
LEAD-01928,11-50,Manufacturing,Organic Search,6,0,0,7,168,0,1,1
LEAD-01929,1-10,SaaS,Paid Ads,2,0,0,5,65,0,1,0
LEAD-01930,1-10,SaaS,Paid Ads,4,2,0,4,11,0,0,1
LEAD-01931,51-200,SaaS,Paid Ads,5,2,1,8,143,0,0,0
LEAD-01932,51-200,SaaS,Content/Webinar,6,2,0,4,97,1,0,1
LEAD-01933,11-50,SaaS,Referral,8,1,0,1,112,1,0,1
LEAD-01934,1-10,Healthcare,Content/Webinar,9,1,0,2,153,0,0,0
LEAD-01935,11-50,SaaS,Organic Search,8,1,1,6,167,0,0,0
LEAD-01936,11-50,E-commerce,Content/Webinar,6,0,0,2,33,0,1,0
LEAD-01937,51-200,Other,Organic Search,4,2,0,5,29,0,0,0
LEAD-01938,51-200,Finance,Content/Webinar,11,1,1,3,11,0,0,0
LEAD-01939,11-50,Other,Paid Ads,5,3,1,4,141,0,0,0
LEAD-01940,1-10,SaaS,Paid Ads,12,0,0,1,69,0,0,1
LEAD-01941,1000+,E-commerce,Paid Ads,8,0,1,4,21,1,0,1
LEAD-01942,11-50,Healthcare,Cold Outreach,4,0,0,3,3,1,0,0
LEAD-01943,51-200,SaaS,Organic Search,2,2,1,4,154,0,1,0
LEAD-01944,1-10,SaaS,Paid Ads,5,1,0,4,161,1,0,0
LEAD-01945,11-50,Finance,Content/Webinar,8,1,1,2,94,1,1,1
LEAD-01946,1-10,Healthcare,Paid Ads,3,1,0,2,22,0,0,0
LEAD-01947,11-50,E-commerce,Organic Search,5,1,0,3,62,0,0,0
LEAD-01948,1000+,E-commerce,Paid Ads,10,1,0,2,5,0,0,1
LEAD-01949,11-50,E-commerce,Paid Ads,3,1,0,4,147,0,1,0
LEAD-01950,1-10,SaaS,Cold Outreach,3,3,1,7,9,0,1,1
LEAD-01951,1-10,E-commerce,Content/Webinar,8,1,1,3,58,0,0,0
LEAD-01952,11-50,SaaS,Paid Ads,1,2,0,5,24,0,1,0
LEAD-01953,1-10,SaaS,Cold Outreach,9,0,0,4,167,1,1,0
LEAD-01954,1-10,Other,Paid Ads,7,0,0,5,61,0,1,0
LEAD-01955,51-200,Healthcare,Organic Search,2,1,0,3,127,0,1,0
LEAD-01956,11-50,Finance,Organic Search,8,0,0,5,48,0,1,0
LEAD-01957,11-50,E-commerce,Paid Ads,6,0,0,3,178,0,0,0
LEAD-01958,201-1000,E-commerce,Organic Search,7,1,1,2,62,0,0,1
LEAD-01959,1-10,SaaS,Cold Outreach,9,1,0,3,149,0,0,0
LEAD-01960,1000+,SaaS,Content/Webinar,8,0,0,2,38,1,0,1
LEAD-01961,11-50,SaaS,Organic Search,9,1,0,3,118,1,0,1
LEAD-01962,201-1000,Finance,Referral,5,1,1,7,59,1,1,1
LEAD-01963,51-200,Finance,Referral,8,0,1,4,97,0,1,1
LEAD-01964,201-1000,Healthcare,Cold Outreach,7,2,1,1,171,0,1,0
LEAD-01965,1000+,E-commerce,Content/Webinar,9,2,0,5,17,1,1,1
LEAD-01966,11-50,Other,Paid Ads,5,3,0,4,69,0,1,0
LEAD-01967,1000+,SaaS,Content/Webinar,7,1,1,1,172,1,0,1
LEAD-01968,11-50,SaaS,Referral,3,0,0,1,23,0,0,0
LEAD-01969,11-50,E-commerce,Referral,8,1,0,5,103,0,0,0
LEAD-01970,11-50,Finance,Organic Search,5,3,0,5,154,0,1,0
LEAD-01971,11-50,Other,Organic Search,6,0,1,4,94,0,0,0
LEAD-01972,1-10,SaaS,Paid Ads,7,2,0,0,176,0,0,0
LEAD-01973,51-200,Manufacturing,Organic Search,5,0,0,2,175,0,0,0
LEAD-01974,11-50,Manufacturing,Organic Search,9,0,1,5,46,0,1,1
LEAD-01975,51-200,SaaS,Referral,6,0,0,4,29,0,0,0
LEAD-01976,201-1000,E-commerce,Organic Search,6,1,0,10,34,0,1,1
LEAD-01977,11-50,E-commerce,Referral,7,3,1,1,10,1,0,1
LEAD-01978,11-50,Other,Paid Ads,6,0,1,1,20,0,1,1
LEAD-01979,11-50,SaaS,Cold Outreach,3,2,0,6,34,1,0,0
LEAD-01980,1-10,Finance,Paid Ads,8,2,1,4,101,0,1,0
LEAD-01981,1-10,E-commerce,Organic Search,9,0,1,3,141,0,1,1
LEAD-01982,11-50,Finance,Referral,11,1,0,3,87,0,1,1
LEAD-01983,11-50,E-commerce,Content/Webinar,2,0,0,4,138,1,0,0
LEAD-01984,1000+,Healthcare,Cold Outreach,3,1,0,2,45,0,1,1
LEAD-01985,51-200,Manufacturing,Paid Ads,6,1,0,4,128,0,0,0
LEAD-01986,11-50,Manufacturing,Paid Ads,4,0,1,6,89,0,0,0
LEAD-01987,51-200,Manufacturing,Cold Outreach,7,2,0,3,82,0,1,1
LEAD-01988,1-10,SaaS,Organic Search,7,3,0,3,119,0,0,0
LEAD-01989,11-50,Finance,Referral,4,2,0,6,92,0,1,1
LEAD-01990,51-200,SaaS,Paid Ads,5,3,0,7,136,1,1,1
LEAD-01991,11-50,E-commerce,Organic Search,4,0,1,5,5,0,0,1
LEAD-01992,11-50,Healthcare,Paid Ads,6,0,0,1,20,0,1,0
LEAD-01993,1000+,E-commerce,Organic Search,7,0,1,7,121,0,0,1
LEAD-01994,201-1000,Healthcare,Referral,5,1,0,2,172,0,1,1
LEAD-01995,51-200,Other,Cold Outreach,4,2,1,7,58,0,0,0
LEAD-01996,51-200,SaaS,Organic Search,6,1,1,4,148,1,0,0
LEAD-01997,51-200,Finance,Content/Webinar,10,1,0,1,89,0,1,1
LEAD-01998,1-10,E-commerce,Organic Search,9,1,0,2,100,1,0,0
LEAD-01999,11-50,SaaS,Paid Ads,5,1,0,5,115,0,1,0
LEAD-02000,1-10,SaaS,Organic Search,4,0,0,3,74,0,0,0
